/**********************************************************************
 *                               POPULATE.SQL
 *
 * Description: File to populate the database with the test data.
 *
 * Subject: Information Systems and Databases
 * Laboratory Teacher: Ines Filipe
 * Senior Lecturer: Paulo Carreira
 *
 * Joao Pedro, 84096
 * Matilde, 84137
 * Duarte, 94192
 ***********************************************************************/
-- The INSERT INTO statement is used to insert new records in a specific table.

 -- Table: person

/* Inserir pessoa para testar view */
-- INSERT INTO person (name,address,phone,taxid) VALUES ('Matilde Moreira','N664-7 77, Casa 22, 5936-213, Porto, Vila Real',964356243,2146322191);


INSERT INTO person (name,address,phone,taxid) VALUES ('Angelina Jolie','Beco Letícia Nogueira 5, Casa 9, 8877-131, Vila Nova de Santo André, Évora',964356343,196022191);
INSERT INTO person (name,address,phone,taxid) VALUES ('Angelina Jolie','N206 5745, Casa 6, 2506-490, Setúbal, Viana do Castelo',938731543,216187323);
INSERT INTO person (name,address,phone,taxid) VALUES ('Angelina Jolie','N549 4, Lote 57, 6283-982, Barcelos, Guarda',928506284,139124126);
INSERT INTO person (name,address,phone,taxid) VALUES ('Angelina Jolie','N78 420, Apto. 782, 0833-773, Mêda, Évora',963045949,179583681);
INSERT INTO person (name,address,phone,taxid) VALUES ('Angelina Jolie','N88 5560, Bloco 60, 9403-999, Braga, Leiria',914220682,159711508);
INSERT INTO person (name,address,phone,taxid) VALUES ('Angelina Jolie','N90 390, Casa 4, 2188-964, Águeda, Lisboa',965438254,184317343);
INSERT INTO person (name,address,phone,taxid) VALUES ('Donovan Holland','Bairro Eduarda Leal 6961, Casa 4, 2553-254, Santiago do Cacém, Leiria',922060684,225628584);
INSERT INTO person (name,address,phone,taxid) VALUES ('Donovan Holland','Escadas Edgar Araújo 3, Lote 09, 8121-887, Mealhada, Coimbra',964643813,213667299);
INSERT INTO person (name,address,phone,taxid) VALUES ('Donovan Holland','N664-7 77, Casa 6, 5936-213, Porto, Vila Real',931066843,238684461);
INSERT INTO person (name,address,phone,taxid) VALUES ('Donovan Holland','N691 899, Casa 7, 5110-104, Póvoa de Varzim, Vila Real',965712794,135366170);
INSERT INTO person (name,address,phone,taxid) VALUES ('Donovan Holland','N771-9 830, Casa 0, 4432-693, Odivelas, Porto',969816554,210232932);
INSERT INTO person (name,address,phone,taxid) VALUES ('Donovan Holland','N8 660, Bloco 82, 3248-816, Freamunde, Braga',966129774,215505010);
INSERT INTO person (name,address,phone,taxid) VALUES ('Donovan Holland','Praça Ígor Pinho 7, Lote 86, 3514-084, Montijo, Guarda',966899347,189042514);
INSERT INTO person (name,address,phone,taxid) VALUES ('Duarte Oliveira','Largo Daniel Vaz 481, Casa 8, 1148-397, Portimão, Leiria',967662790,117016694);
INSERT INTO person (name,address,phone,taxid) VALUES ('Duarte Oliveira','N2 4342, Apto. 919, 4336-148, Alfena, Coimbra',911169636,114295541);
INSERT INTO person (name,address,phone,taxid) VALUES ('Duarte Oliveira','N385 6739, Bloco 62, 4483-037, Marco de Canaveses, Faro',961238446,239099324);
INSERT INTO person (name,address,phone,taxid) VALUES ('Duarte Oliveira','N801 8, Lote 95, 6857-903, Quarteira, Beja',915594648,168391417);
INSERT INTO person (name,address,phone,taxid) VALUES ('Duarte Oliveira','N9 0, Apto. 257, 1728-205, Rebordosa, Vila Real',911913706,202784019);
INSERT INTO person (name,address,phone,taxid) VALUES ('Elton John','N093 5, Bloco 76, 3647-756, Ribeira Grande, Évora',933617004,202991983);
INSERT INTO person (name,address,phone,taxid) VALUES ('Elton John','N2 4342, Apto. 919, 4336-148, Alfena, Coimbra',935671780,211362576);
INSERT INTO person (name,address,phone,taxid) VALUES ('Elton John','N500 1, Apto. 244, 9984-703, Paredes, Viseu',962923621,146575801);
INSERT INTO person (name,address,phone,taxid) VALUES ('Elton John','N55 67, Lote 04, 5450-652, Vila Franca de Xira, Guarda',919936683,140546516);
INSERT INTO person (name,address,phone,taxid) VALUES ('Elton John','N736-8 533, Apto. 913, 8227-744, Cartaxo, Viana do Castelo',911439608,123817312);
INSERT INTO person (name,address,phone,taxid) VALUES ('Elvia Bowen','N18 4, Apto. 831, 4737-949, São Mamede de Infesta, Leiria',961908229,159762907);
INSERT INTO person (name,address,phone,taxid) VALUES ('Elvia Bowen','N2 5174, Bloco 21, 7973-284, Ponta Delgada, Vila Real',921431809,182587807);
INSERT INTO person (name,address,phone,taxid) VALUES ('Elvia Bowen','N31 31, Apto. 831, 9718-873, Águeda, Viana do Castelo',964695014,229644116);
INSERT INTO person (name,address,phone,taxid) VALUES ('Elvia Bowen','N4 3, Bloco 15, 9666-911, Ribeira Grande, Guarda',962848261,137068092);
INSERT INTO person (name,address,phone,taxid) VALUES ('Elvia Bowen','N55 67, Lote 04, 5450-652, Vila Franca de Xira, Guarda',933021285,191249703);
INSERT INTO person (name,address,phone,taxid) VALUES ('Elvia Bowen','N606-0 1, Bloco 62, 2033-575, Torres Vedras, Castelo Branco',935386317,158873150);
INSERT INTO person (name,address,phone,taxid) VALUES ('Elvia Bowen','N801 8, Lote 95, 6857-903, Quarteira, Beja',963930256,129618138);
INSERT INTO person (name,address,phone,taxid) VALUES ('Elvia Bowen','N88 5560, Bloco 60, 9403-999, Braga, Leiria',935014891,219814403);
INSERT INTO person (name,address,phone,taxid) VALUES ('Elvia Bowen','Praça Santiago Pacheco 1, Bloco 00, 1754-085, Horta, Porto',929297031,140764957);
INSERT INTO person (name,address,phone,taxid) VALUES ('Jacob Pierre','N2 5174, Bloco 21, 7973-284, Ponta Delgada, Vila Real',937140456,221197039);
INSERT INTO person (name,address,phone,taxid) VALUES ('Jacob Pierre','N500 1, Apto. 244, 9984-703, Paredes, Viseu',922029469,181842713);
INSERT INTO person (name,address,phone,taxid) VALUES ('Jacob Pierre','N504 4344, Apto. 337, 0694-132, Almada, Beja',969920774,129742583);
INSERT INTO person (name,address,phone,taxid) VALUES ('Jacob Pierre','N606-0 1, Bloco 62, 2033-575, Torres Vedras, Castelo Branco',929463203,104458620);
INSERT INTO person (name,address,phone,taxid) VALUES ('Jacob Pierre','N857-3 1808, Lote 20, 3736-206, Vizela, Porto',938453032,196845732);
INSERT INTO person (name,address,phone,taxid) VALUES ('Jane Sweettooth','Praça Guilherme Fernandes 690, Bloco 56, 2302-504, Torres Vedras, Viseu',934522379,132574625);
INSERT INTO person (name,address,phone,taxid) VALUES ('Joao Cardoso','Bairro Eduarda Leal 6961, Casa 4, 2553-254, Santiago do Cacém, Leiria',936426198,227881262);
INSERT INTO person (name,address,phone,taxid) VALUES ('Joao Cardoso','Estrada Bruno Teixeira 6, Bloco 79, 2374-517, Barreiro, Portalegre',961281544,218988454);
INSERT INTO person (name,address,phone,taxid) VALUES ('Joao Cardoso','N500 1, Apto. 244, 9984-703, Paredes, Viseu',967138777,213643119);
INSERT INTO person (name,address,phone,taxid) VALUES ('Joao Cardoso','N039 01, Casa 8, 5902-878, Penafiel, Setúbal',966470503,211780745);
INSERT INTO person (name,address,phone,taxid) VALUES ('Joao Cardoso','N063-3 27, Apto. 802, 9400-069, Sabugal, Viseu',934013992,189715787);
INSERT INTO person (name,address,phone,taxid) VALUES ('Joao Cardoso','N2 4342, Apto. 919, 4336-148, Alfena, Coimbra',935108934,225054923);
INSERT INTO person (name,address,phone,taxid) VALUES ('Joao Cardoso','N4 1035, Apto. 664, 7931-986, Angra do Heroísmo, Coimbra',916103371,155626912);
INSERT INTO person (name,address,phone,taxid) VALUES ('Joao Cardoso','N8 1093, Casa 5, 7891-388, Póvoa de Santa Iria, Vila Real',913810036,193059769);
INSERT INTO person (name,address,phone,taxid) VALUES ('Joao Cardoso','N88 5560, Bloco 60, 9403-999, Braga, Leiria',915467396,113546109);
INSERT INTO person (name,address,phone,taxid) VALUES ('John Oliver','Bairro Eduarda Leal 6961, Casa 4, 2553-254, Santiago do Cacém, Leiria',936062883,210834947);
INSERT INTO person (name,address,phone,taxid) VALUES ('John Oliver','N31 65, Bloco 50, 6093-641, Sines, Castelo Branco',968702858,102886985);
INSERT INTO person (name,address,phone,taxid) VALUES ('John Oliver','N6 56, Lote 66, 2357-907, Guarda, Faro',961884262,136974724);
INSERT INTO person (name,address,phone,taxid) VALUES ('John Oliver','N61 4, Lote 60, 9993-422, Porto, Beja',915298268,222864726);
INSERT INTO person (name,address,phone,taxid) VALUES ('John Oliver','N9 2, Lote 13, 1221-324, Santo Tirso, Lisboa',914605756,220509290);
INSERT INTO person (name,address,phone,taxid) VALUES ('John Oliver','Travessa Núria Carneiro 7473, Bloco 75, 8682-518, Chaves, Guarda',911270073,144119460);
INSERT INTO person (name,address,phone,taxid) VALUES ('Jospeh Humphrey','Estrada Bruno Teixeira 6, Bloco 79, 2374-517, Barreiro, Portalegre',911567959,135601702);
INSERT INTO person (name,address,phone,taxid) VALUES ('Jospeh Humphrey','N39 2, Apto. 465, 3265-837, Tarouca, Aveiro',911783519,167681622);
INSERT INTO person (name,address,phone,taxid) VALUES ('Jospeh Humphrey','N78 420, Apto. 782, 0833-773, Mêda, Évora',963979634,143280398);
INSERT INTO person (name,address,phone,taxid) VALUES ('Jospeh Humphrey','Urbanização Laura Faria 4, Lote 62, 1846-848, Mêda, Aveiro',939474084,201456182);
INSERT INTO person (name,address,phone,taxid) VALUES ('Kelly Clarkson','N3 5143, Bloco 72, 8467-861, Esmoriz, Guarda',969813545,127287399);
INSERT INTO person (name,address,phone,taxid) VALUES ('Kelly Clarkson','N385 6739, Bloco 62, 4483-037, Marco de Canaveses, Faro',965901168,103455023);
INSERT INTO person (name,address,phone,taxid) VALUES ('Kelly Clarkson','N4 3, Bloco 15, 9666-911, Ribeira Grande, Guarda',961624065,132017224);
INSERT INTO person (name,address,phone,taxid) VALUES ('Kelly Clarkson','N532 3, Casa 9, 1653-759, Leiria, Santarém',923558900,221116748);
INSERT INTO person (name,address,phone,taxid) VALUES ('Kelly Clarkson','N55 67, Lote 04, 5450-652, Vila Franca de Xira, Guarda',927956443,207135114);
INSERT INTO person (name,address,phone,taxid) VALUES ('Kelly Clarkson','N923 51, Apto. 541, 2990-494, Paços de Ferreira, Lisboa',935096081,181787172);
INSERT INTO person (name,address,phone,taxid) VALUES ('Kelly Clarkson','Praça Guilherme Fernandes 690, Bloco 56, 2302-504, Torres Vedras, Viseu',916055414,168566345);
INSERT INTO person (name,address,phone,taxid) VALUES ('Leonardo DiCaprio','N504 4344, Apto. 337, 0694-132, Almada, Beja',963492080,143096351);
INSERT INTO person (name,address,phone,taxid) VALUES ('Leonardo DiCaprio','N59 3223, Lote 29, 8003-420, Miranda do Douro, Coimbra',965741556,225893602);
INSERT INTO person (name,address,phone,taxid) VALUES ('Leonardo DiCaprio','N6 0, Bloco 33, 1758-021, Angra do Heroísmo, Portalegre',924694678,200176440);
INSERT INTO person (name,address,phone,taxid) VALUES ('Leonardo DiCaprio','N736-8 533, Apto. 913, 8227-744, Cartaxo, Viana do Castelo',937548561,178462253);
INSERT INTO person (name,address,phone,taxid) VALUES ('Leonardo DiCaprio','N857-3 1808, Lote 20, 3736-206, Vizela, Porto',962083813,121381370);
INSERT INTO person (name,address,phone,taxid) VALUES ('Leonardo DiCaprio','N9 79, Apto. 689, 9182-669, Sabugal, Faro',932319074,142711346);
INSERT INTO person (name,address,phone,taxid) VALUES ('Leonardo DiCaprio','N90 390, Casa 4, 2188-964, Águeda, Lisboa',913943017,152554018);
INSERT INTO person (name,address,phone,taxid) VALUES ('Lionel Richie','N359 6, Lote 40, 1564-648, Mêda, Aveiro',968142772,144465060);
INSERT INTO person (name,address,phone,taxid) VALUES ('Lionel Richie','N6 0, Bloco 33, 1758-021, Angra do Heroísmo, Portalegre',962694761,195856561);
INSERT INTO person (name,address,phone,taxid) VALUES ('Lionel Richie','N6 56, Lote 66, 2357-907, Guarda, Faro',934347419,122399757);
INSERT INTO person (name,address,phone,taxid) VALUES ('Lionel Richie','N8 660, Bloco 82, 3248-816, Freamunde, Braga',916728302,187332211);
INSERT INTO person (name,address,phone,taxid) VALUES ('Lorena Wolf','Beco Letícia Nogueira 5, Casa 9, 8877-131, Vila Nova de Santo André, Évora',921592755,205283551);
INSERT INTO person (name,address,phone,taxid) VALUES ('Lorena Wolf','Escadas Edgar Araújo 3, Lote 09, 8121-887, Mealhada, Coimbra',961935864,109404340);
INSERT INTO person (name,address,phone,taxid) VALUES ('Lorena Wolf','N077-6 087, Apto. 204, 0772-449, Santa Cruz, Porto',914244448,158122172);
INSERT INTO person (name,address,phone,taxid) VALUES ('Lorena Wolf','N2 8, Casa 3, 2344-484, Vila Nova de Famalicão, Viseu',922769616,117889787);
INSERT INTO person (name,address,phone,taxid) VALUES ('Lorena Wolf','N475-9 9368, Apto. 018, 6596-902, Moura, Setúbal',934474052,105136295);
INSERT INTO person (name,address,phone,taxid) VALUES ('Matilde Moreira','Largo Daniel Vaz 481, Casa 8, 1148-397, Portimão, Leiria',961348708,228407614);
INSERT INTO person (name,address,phone,taxid) VALUES ('Matilde Moreira','N40 22, Apto. 468, 6668-546, Ribeira Grande, Vila Real',961239709,222684480);
INSERT INTO person (name,address,phone,taxid) VALUES ('Matilde Moreira','N504 4344, Apto. 337, 0694-132, Almada, Beja',965885087,125946300);
INSERT INTO person (name,address,phone,taxid) VALUES ('Matilde Moreira','N55 67, Lote 04, 5450-652, Vila Franca de Xira, Guarda',936586868,239877994);
INSERT INTO person (name,address,phone,taxid) VALUES ('Matilde Moreira','N656-7 889, Lote 76, 0449-173, Freamunde, Porto',965191251,157254352);
INSERT INTO person (name,address,phone,taxid) VALUES ('Matilde Moreira','N8 1093, Casa 5, 7891-388, Póvoa de Santa Iria, Vila Real',966900323,117134449);
INSERT INTO person (name,address,phone,taxid) VALUES ('Matilde Moreira','N9 0, Apto. 257, 1728-205, Rebordosa, Vila Real',963893209,233786825);
INSERT INTO person (name,address,phone,taxid) VALUES ('Matilde Moreira','N939 2704, Apto. 078, 9786-063, São Salvador de Lordelo, Guarda',929688956,184678866);
INSERT INTO person (name,address,phone,taxid) VALUES ('Oscar Wilde','N039 01, Casa 8, 5902-878, Penafiel, Setúbal',924930628,161845520);
INSERT INTO person (name,address,phone,taxid) VALUES ('Oscar Wilde','N066-3 06, Bloco 50, 4451-187, Seixal, Lisboa',913600486,238697902);
INSERT INTO person (name,address,phone,taxid) VALUES ('Oscar Wilde','N264 7676, Apto. 746, 0359-287, Vila Nova de Foz Côa, Viseu',937520612,145475441);
INSERT INTO person (name,address,phone,taxid) VALUES ('Oscar Wilde','N35 314, Casa 9, 1098-769, Loulé, Castelo Branco',966857876,103063756);
INSERT INTO person (name,address,phone,taxid) VALUES ('Oscar Wilde','N59 3223, Lote 29, 8003-420, Miranda do Douro, Coimbra',966609388,145325149);
INSERT INTO person (name,address,phone,taxid) VALUES ('Oscar Wilde','N7 886, Bloco 63, 2026-610, Rebordosa, Vila Real',962786872,179415078);
INSERT INTO person (name,address,phone,taxid) VALUES ('Oscar Wilde','N771-9 830, Casa 0, 4432-693, Odivelas, Porto',915351116,134873589);
INSERT INTO person (name,address,phone,taxid) VALUES ('Oscar Wilde','N939 2704, Apto. 078, 9786-063, São Salvador de Lordelo, Guarda',968380896,152919564);
INSERT INTO person (name,address,phone,taxid) VALUES ('Oscar Wilde','Travessa Núria Carneiro 7473, Bloco 75, 8682-518, Chaves, Guarda',927518397,126714509);
INSERT INTO person (name,address,phone,taxid) VALUES ('Pedro Antunes','N077-6 087, Apto. 204, 0772-449, Santa Cruz, Porto',964266779,157077837);
INSERT INTO person (name,address,phone,taxid) VALUES ('Pedro Antunes','N35 314, Casa 9, 1098-769, Loulé, Castelo Branco',965095196,189245709);
INSERT INTO person (name,address,phone,taxid) VALUES ('Pedro Antunes','N495 7, Lote 19, 3174-764, Viseu, Viseu',965931237,114802955);
INSERT INTO person (name,address,phone,taxid) VALUES ('Pedro Antunes','N549 4, Lote 57, 6283-982, Barcelos, Guarda',914552463,155303890);
INSERT INTO person (name,address,phone,taxid) VALUES ('Pedro Ribeiro','N549 4, Lote 57, 6283-982, Barcelos, Guarda',963537217,190392875);
INSERT INTO person (name,address,phone,taxid) VALUES ('Pedro Antunes','N78 94, Casa 1, 4900-484, Sacavém, Bragança',929424657,174310657);
INSERT INTO person (name,address,phone,taxid) VALUES ('Pedro Antunes','N794-0 3030, Lote 09, 3189-309, Vila do Conde, Leiria',913431101,205662965);
INSERT INTO person (name,address,phone,taxid) VALUES ('Rui Constantino','Caminho Ema Domingues 7, Casa 6, 5884-048, Loures, Viana do Castelo',963094242,205767848);
INSERT INTO person (name,address,phone,taxid) VALUES ('Rui Constantino','Largo Daniel Vaz 481, Casa 8, 1148-397, Portimão, Leiria',934404102,185333343);
INSERT INTO person (name,address,phone,taxid) VALUES ('Rui Constantino','N0 5719, Casa 9, 5508-388, Évora, Faro',968827481,134935824);
INSERT INTO person (name,address,phone,taxid) VALUES ('Rui Constantino','N063-3 27, Apto. 802, 9400-069, Sabugal, Viseu',923272485,154469697);
INSERT INTO person (name,address,phone,taxid) VALUES ('Rui Constantino','N18 4, Apto. 831, 4737-949, São Mamede de Infesta, Leiria',921495540,230438716);
INSERT INTO person (name,address,phone,taxid) VALUES ('Rui Constantino','N264 7676, Apto. 746, 0359-287, Vila Nova de Foz Côa, Viseu',962656867,117858570);
INSERT INTO person (name,address,phone,taxid) VALUES ('Rui Constantino','N385 6739, Bloco 62, 4483-037, Marco de Canaveses, Faro',916831312,123808183);
INSERT INTO person (name,address,phone,taxid) VALUES ('Rui Constantino','N771-9 830, Casa 0, 4432-693, Odivelas, Porto',915898921,237928417);
INSERT INTO person (name,address,phone,taxid) VALUES ('Rui Constantino','N88 5560, Bloco 60, 9403-999, Braga, Leiria',938508425,160169896);
INSERT INTO person (name,address,phone,taxid) VALUES ('Teddy Casey','N077-6 087, Apto. 204, 0772-449, Santa Cruz, Porto',924281788,195937146);
INSERT INTO person (name,address,phone,taxid) VALUES ('Teddy Casey','N093 5, Bloco 76, 3647-756, Ribeira Grande, Évora',923018944,148101847);
INSERT INTO person (name,address,phone,taxid) VALUES ('Teddy Casey','N407 0, Lote 23, 6825-453, Santarém, Guarda',923384871,175559924);
INSERT INTO person (name,address,phone,taxid) VALUES ('Teddy Casey','N500 1, Apto. 244, 9984-703, Paredes, Viseu',963330902,182968094);
INSERT INTO person (name,address,phone,taxid) VALUES ('Teddy Casey','N664-7 77, Casa 6, 5936-213, Porto, Vila Real',963605201,155824215);
INSERT INTO person (name,address,phone,taxid) VALUES ('Teddy Casey','N9 79, Apto. 689, 9182-669, Sabugal, Faro',919724463,148323041);


-- Table: supervisor

/* Inserir Supervisor para testar view */
-- INSERT INTO supervisor (name,address) VALUES ('Matilde Moreira','N664-7 77, Casa 22, 5936-213, Porto, Vila Real');


INSERT INTO supervisor (name,address) VALUES ('Joao Cardoso','Estrada Bruno Teixeira 6, Bloco 79, 2374-517, Barreiro, Portalegre');
INSERT INTO supervisor (name,address) VALUES ('Angelina Jolie','N206 5745, Casa 6, 2506-490, Setúbal, Viana do Castelo');
INSERT INTO supervisor (name,address) VALUES ('Angelina Jolie','N88 5560, Bloco 60, 9403-999, Braga, Leiria');
INSERT INTO supervisor (name,address) VALUES ('Donovan Holland','N691 899, Casa 7, 5110-104, Póvoa de Varzim, Vila Real');
INSERT INTO supervisor (name,address) VALUES ('Donovan Holland','N8 660, Bloco 82, 3248-816, Freamunde, Braga');
INSERT INTO supervisor (name,address) VALUES ('Donovan Holland','Praça Ígor Pinho 7, Lote 86, 3514-084, Montijo, Guarda');
INSERT INTO supervisor (name,address) VALUES ('Duarte Oliveira','N2 4342, Apto. 919, 4336-148, Alfena, Coimbra');
INSERT INTO supervisor (name,address) VALUES ('Duarte Oliveira','N385 6739, Bloco 62, 4483-037, Marco de Canaveses, Faro');
INSERT INTO supervisor (name,address) VALUES ('Duarte Oliveira','N9 0, Apto. 257, 1728-205, Rebordosa, Vila Real');
INSERT INTO supervisor (name,address) VALUES ('Elton John','N500 1, Apto. 244, 9984-703, Paredes, Viseu');
INSERT INTO supervisor (name,address) VALUES ('Elton John','N55 67, Lote 04, 5450-652, Vila Franca de Xira, Guarda');
INSERT INTO supervisor (name,address) VALUES ('Elton John','N736-8 533, Apto. 913, 8227-744, Cartaxo, Viana do Castelo');
INSERT INTO supervisor (name,address) VALUES ('Elvia Bowen','N18 4, Apto. 831, 4737-949, São Mamede de Infesta, Leiria');
INSERT INTO supervisor (name,address) VALUES ('Elvia Bowen','N55 67, Lote 04, 5450-652, Vila Franca de Xira, Guarda');
INSERT INTO supervisor (name,address) VALUES ('John Oliver','N6 56, Lote 66, 2357-907, Guarda, Faro');
INSERT INTO supervisor (name,address) VALUES ('John Oliver','N9 2, Lote 13, 1221-324, Santo Tirso, Lisboa');
INSERT INTO supervisor (name,address) VALUES ('John Oliver','Travessa Núria Carneiro 7473, Bloco 75, 8682-518, Chaves, Guarda');
INSERT INTO supervisor (name,address) VALUES ('Jospeh Humphrey','N39 2, Apto. 465, 3265-837, Tarouca, Aveiro');
INSERT INTO supervisor (name,address) VALUES ('Jospeh Humphrey','Urbanização Laura Faria 4, Lote 62, 1846-848, Mêda, Aveiro');
INSERT INTO supervisor (name,address) VALUES ('Kelly Clarkson','N385 6739, Bloco 62, 4483-037, Marco de Canaveses, Faro');
INSERT INTO supervisor (name,address) VALUES ('Kelly Clarkson','N532 3, Casa 9, 1653-759, Leiria, Santarém');
INSERT INTO supervisor (name,address) VALUES ('Kelly Clarkson','Praça Guilherme Fernandes 690, Bloco 56, 2302-504, Torres Vedras, Viseu');
INSERT INTO supervisor (name,address) VALUES ('Leonardo DiCaprio','N90 390, Casa 4, 2188-964, Águeda, Lisboa');
INSERT INTO supervisor (name,address) VALUES ('Lorena Wolf','N475-9 9368, Apto. 018, 6596-902, Moura, Setúbal');
INSERT INTO supervisor (name,address) VALUES ('Matilde Moreira','N40 22, Apto. 468, 6668-546, Ribeira Grande, Vila Real');
INSERT INTO supervisor (name,address) VALUES ('Matilde Moreira','N55 67, Lote 04, 5450-652, Vila Franca de Xira, Guarda');
INSERT INTO supervisor (name,address) VALUES ('Matilde Moreira','N939 2704, Apto. 078, 9786-063, São Salvador de Lordelo, Guarda');
INSERT INTO supervisor (name,address) VALUES ('Oscar Wilde','N039 01, Casa 8, 5902-878, Penafiel, Setúbal');
INSERT INTO supervisor (name,address) VALUES ('Oscar Wilde','N264 7676, Apto. 746, 0359-287, Vila Nova de Foz Côa, Viseu');
INSERT INTO supervisor (name,address) VALUES ('Oscar Wilde','Travessa Núria Carneiro 7473, Bloco 75, 8682-518, Chaves, Guarda');
INSERT INTO supervisor (name,address) VALUES ('Rui Constantino','N0 5719, Casa 9, 5508-388, Évora, Faro');
INSERT INTO supervisor (name,address) VALUES ('Rui Constantino','N063-3 27, Apto. 802, 9400-069, Sabugal, Viseu');
INSERT INTO supervisor (name,address) VALUES ('Rui Constantino','N18 4, Apto. 831, 4737-949, São Mamede de Infesta, Leiria');
INSERT INTO supervisor (name,address) VALUES ('Rui Constantino','N88 5560, Bloco 60, 9403-999, Braga, Leiria');
INSERT INTO supervisor (name,address) VALUES ('Teddy Casey','N664-7 77, Casa 6, 5936-213, Porto, Vila Real');

-- Table: analyst
INSERT INTO analyst (name,address) VALUES ('Angelina Jolie','Beco Letícia Nogueira 5, Casa 9, 8877-131, Vila Nova de Santo André, Évora');
INSERT INTO analyst (name,address) VALUES ('Angelina Jolie','N206 5745, Casa 6, 2506-490, Setúbal, Viana do Castelo');
INSERT INTO analyst (name,address) VALUES ('Angelina Jolie','N78 420, Apto. 782, 0833-773, Mêda, Évora');
INSERT INTO analyst (name,address) VALUES ('Angelina Jolie','N88 5560, Bloco 60, 9403-999, Braga, Leiria');
INSERT INTO analyst (name,address) VALUES ('Angelina Jolie','N90 390, Casa 4, 2188-964, Águeda, Lisboa');
INSERT INTO analyst (name,address) VALUES ('Donovan Holland','Bairro Eduarda Leal 6961, Casa 4, 2553-254, Santiago do Cacém, Leiria');
INSERT INTO analyst (name,address) VALUES ('Donovan Holland','Escadas Edgar Araújo 3, Lote 09, 8121-887, Mealhada, Coimbra');
INSERT INTO analyst (name,address) VALUES ('Donovan Holland','N664-7 77, Casa 6, 5936-213, Porto, Vila Real');
INSERT INTO analyst (name,address) VALUES ('Donovan Holland','N691 899, Casa 7, 5110-104, Póvoa de Varzim, Vila Real');
INSERT INTO analyst (name,address) VALUES ('Donovan Holland','N771-9 830, Casa 0, 4432-693, Odivelas, Porto');
INSERT INTO analyst (name,address) VALUES ('Donovan Holland','N8 660, Bloco 82, 3248-816, Freamunde, Braga');
INSERT INTO analyst (name,address) VALUES ('Donovan Holland','Praça Ígor Pinho 7, Lote 86, 3514-084, Montijo, Guarda');
INSERT INTO analyst (name,address) VALUES ('Duarte Oliveira','Largo Daniel Vaz 481, Casa 8, 1148-397, Portimão, Leiria');
INSERT INTO analyst (name,address) VALUES ('Duarte Oliveira','N385 6739, Bloco 62, 4483-037, Marco de Canaveses, Faro');
INSERT INTO analyst (name,address) VALUES ('Duarte Oliveira','N801 8, Lote 95, 6857-903, Quarteira, Beja');
INSERT INTO analyst (name,address) VALUES ('Duarte Oliveira','N9 0, Apto. 257, 1728-205, Rebordosa, Vila Real');
INSERT INTO analyst (name,address) VALUES ('Elton John','N093 5, Bloco 76, 3647-756, Ribeira Grande, Évora');
INSERT INTO analyst (name,address) VALUES ('Elton John','N2 4342, Apto. 919, 4336-148, Alfena, Coimbra');
INSERT INTO analyst (name,address) VALUES ('Elton John','N500 1, Apto. 244, 9984-703, Paredes, Viseu');
INSERT INTO analyst (name,address) VALUES ('Elton John','N736-8 533, Apto. 913, 8227-744, Cartaxo, Viana do Castelo');
INSERT INTO analyst (name,address) VALUES ('Elvia Bowen','N2 5174, Bloco 21, 7973-284, Ponta Delgada, Vila Real');
INSERT INTO analyst (name,address) VALUES ('Elvia Bowen','N31 31, Apto. 831, 9718-873, Águeda, Viana do Castelo');
INSERT INTO analyst (name,address) VALUES ('Elvia Bowen','N4 3, Bloco 15, 9666-911, Ribeira Grande, Guarda');
INSERT INTO analyst (name,address) VALUES ('Elvia Bowen','N55 67, Lote 04, 5450-652, Vila Franca de Xira, Guarda');
INSERT INTO analyst (name,address) VALUES ('Elvia Bowen','N606-0 1, Bloco 62, 2033-575, Torres Vedras, Castelo Branco');
INSERT INTO analyst (name,address) VALUES ('Elvia Bowen','N801 8, Lote 95, 6857-903, Quarteira, Beja');
INSERT INTO analyst (name,address) VALUES ('Elvia Bowen','N88 5560, Bloco 60, 9403-999, Braga, Leiria');
INSERT INTO analyst (name,address) VALUES ('Jacob Pierre','N2 5174, Bloco 21, 7973-284, Ponta Delgada, Vila Real');
INSERT INTO analyst (name,address) VALUES ('Jacob Pierre','N500 1, Apto. 244, 9984-703, Paredes, Viseu');
INSERT INTO analyst (name,address) VALUES ('Jacob Pierre','N504 4344, Apto. 337, 0694-132, Almada, Beja');
INSERT INTO analyst (name,address) VALUES ('Jacob Pierre','N606-0 1, Bloco 62, 2033-575, Torres Vedras, Castelo Branco');
INSERT INTO analyst (name,address) VALUES ('Jane Sweettooth','Praça Guilherme Fernandes 690, Bloco 56, 2302-504, Torres Vedras, Viseu');
INSERT INTO analyst (name,address) VALUES ('Joao Cardoso','Bairro Eduarda Leal 6961, Casa 4, 2553-254, Santiago do Cacém, Leiria');
INSERT INTO analyst (name,address) VALUES ('Joao Cardoso','Estrada Bruno Teixeira 6, Bloco 79, 2374-517, Barreiro, Portalegre');
INSERT INTO analyst (name,address) VALUES ('Joao Cardoso','N500 1, Apto. 244, 9984-703, Paredes, Viseu');
INSERT INTO analyst (name,address) VALUES ('Joao Cardoso','N039 01, Casa 8, 5902-878, Penafiel, Setúbal');
INSERT INTO analyst (name,address) VALUES ('Joao Cardoso','N4 1035, Apto. 664, 7931-986, Angra do Heroísmo, Coimbra');
INSERT INTO analyst (name,address) VALUES ('Joao Cardoso','N8 1093, Casa 5, 7891-388, Póvoa de Santa Iria, Vila Real');
INSERT INTO analyst (name,address) VALUES ('Joao Cardoso','N88 5560, Bloco 60, 9403-999, Braga, Leiria');
INSERT INTO analyst (name,address) VALUES ('John Oliver','N6 56, Lote 66, 2357-907, Guarda, Faro');
INSERT INTO analyst (name,address) VALUES ('John Oliver','N61 4, Lote 60, 9993-422, Porto, Beja');
INSERT INTO analyst (name,address) VALUES ('Jospeh Humphrey','N39 2, Apto. 465, 3265-837, Tarouca, Aveiro');
INSERT INTO analyst (name,address) VALUES ('Jospeh Humphrey','N78 420, Apto. 782, 0833-773, Mêda, Évora');
INSERT INTO analyst (name,address) VALUES ('Kelly Clarkson','N385 6739, Bloco 62, 4483-037, Marco de Canaveses, Faro');
INSERT INTO analyst (name,address) VALUES ('Kelly Clarkson','N4 3, Bloco 15, 9666-911, Ribeira Grande, Guarda');
INSERT INTO analyst (name,address) VALUES ('Leonardo DiCaprio','N6 0, Bloco 33, 1758-021, Angra do Heroísmo, Portalegre');
INSERT INTO analyst (name,address) VALUES ('Leonardo DiCaprio','N736-8 533, Apto. 913, 8227-744, Cartaxo, Viana do Castelo');
INSERT INTO analyst (name,address) VALUES ('Leonardo DiCaprio','N857-3 1808, Lote 20, 3736-206, Vizela, Porto');
INSERT INTO analyst (name,address) VALUES ('Lionel Richie','N359 6, Lote 40, 1564-648, Mêda, Aveiro');
INSERT INTO analyst (name,address) VALUES ('Lionel Richie','N6 56, Lote 66, 2357-907, Guarda, Faro');
INSERT INTO analyst (name,address) VALUES ('Lionel Richie','N8 660, Bloco 82, 3248-816, Freamunde, Braga');
INSERT INTO analyst (name,address) VALUES ('Lorena Wolf','Beco Letícia Nogueira 5, Casa 9, 8877-131, Vila Nova de Santo André, Évora');
INSERT INTO analyst (name,address) VALUES ('Lorena Wolf','Escadas Edgar Araújo 3, Lote 09, 8121-887, Mealhada, Coimbra');
INSERT INTO analyst (name,address) VALUES ('Lorena Wolf','N077-6 087, Apto. 204, 0772-449, Santa Cruz, Porto');
INSERT INTO analyst (name,address) VALUES ('Lorena Wolf','N475-9 9368, Apto. 018, 6596-902, Moura, Setúbal');
INSERT INTO analyst (name,address) VALUES ('Matilde Moreira','Largo Daniel Vaz 481, Casa 8, 1148-397, Portimão, Leiria');
INSERT INTO analyst (name,address) VALUES ('Matilde Moreira','N40 22, Apto. 468, 6668-546, Ribeira Grande, Vila Real');
INSERT INTO analyst (name,address) VALUES ('Matilde Moreira','N504 4344, Apto. 337, 0694-132, Almada, Beja');
INSERT INTO analyst (name,address) VALUES ('Matilde Moreira','N55 67, Lote 04, 5450-652, Vila Franca de Xira, Guarda');
INSERT INTO analyst (name,address) VALUES ('Matilde Moreira','N656-7 889, Lote 76, 0449-173, Freamunde, Porto');
INSERT INTO analyst (name,address) VALUES ('Matilde Moreira','N939 2704, Apto. 078, 9786-063, São Salvador de Lordelo, Guarda');
INSERT INTO analyst (name,address) VALUES ('Oscar Wilde','N039 01, Casa 8, 5902-878, Penafiel, Setúbal');
INSERT INTO analyst (name,address) VALUES ('Oscar Wilde','N066-3 06, Bloco 50, 4451-187, Seixal, Lisboa');
INSERT INTO analyst (name,address) VALUES ('Oscar Wilde','N264 7676, Apto. 746, 0359-287, Vila Nova de Foz Côa, Viseu');
INSERT INTO analyst (name,address) VALUES ('Oscar Wilde','N35 314, Casa 9, 1098-769, Loulé, Castelo Branco');
INSERT INTO analyst (name,address) VALUES ('Oscar Wilde','N59 3223, Lote 29, 8003-420, Miranda do Douro, Coimbra');
INSERT INTO analyst (name,address) VALUES ('Oscar Wilde','N771-9 830, Casa 0, 4432-693, Odivelas, Porto');
INSERT INTO analyst (name,address) VALUES ('Oscar Wilde','Travessa Núria Carneiro 7473, Bloco 75, 8682-518, Chaves, Guarda');
INSERT INTO analyst (name,address) VALUES ('Pedro Antunes','N35 314, Casa 9, 1098-769, Loulé, Castelo Branco');
INSERT INTO analyst (name,address) VALUES ('Pedro Antunes','N495 7, Lote 19, 3174-764, Viseu, Viseu');
INSERT INTO analyst (name,address) VALUES ('Pedro Ribeiro','N549 4, Lote 57, 6283-982, Barcelos, Guarda');
INSERT INTO analyst (name,address) VALUES ('Pedro Antunes','N78 94, Casa 1, 4900-484, Sacavém, Bragança');
INSERT INTO analyst (name,address) VALUES ('Pedro Antunes','N794-0 3030, Lote 09, 3189-309, Vila do Conde, Leiria');
INSERT INTO analyst (name,address) VALUES ('Rui Constantino','Largo Daniel Vaz 481, Casa 8, 1148-397, Portimão, Leiria');
INSERT INTO analyst (name,address) VALUES ('Rui Constantino','N0 5719, Casa 9, 5508-388, Évora, Faro');
INSERT INTO analyst (name,address) VALUES ('Rui Constantino','N88 5560, Bloco 60, 9403-999, Braga, Leiria');
INSERT INTO analyst (name,address) VALUES ('Teddy Casey','N500 1, Apto. 244, 9984-703, Paredes, Viseu');
INSERT INTO analyst (name,address) VALUES ('Teddy Casey','N664-7 77, Casa 6, 5936-213, Porto, Vila Real');
INSERT INTO analyst (name,address) VALUES ('Teddy Casey','N9 79, Apto. 689, 9182-669, Sabugal, Faro');


-- Table: substation
INSERT INTO substation (gpslat,gpslong,locality,sname,saddress) VALUES (38.75382,-9.23083,'Amadora','Duarte Oliveira','N9 0, Apto. 257, 1728-205, Rebordosa, Vila Real');
INSERT INTO substation (gpslat,gpslong,locality,sname,saddress) VALUES (38.75380,-9.23083,'Amadora','Elton John','N736-8 533, Apto. 913, 8227-744, Cartaxo, Viana do Castelo');
INSERT INTO substation (gpslat,gpslong,locality,sname,saddress) VALUES (38.75382,-9.23081,'Amadora','Joao Cardoso','Estrada Bruno Teixeira 6, Bloco 79, 2374-517, Barreiro, Portalegre');
INSERT INTO substation (gpslat,gpslong,locality,sname,saddress) VALUES (38.75380,-9.23081,'Amadora','Joao Cardoso','Estrada Bruno Teixeira 6, Bloco 79, 2374-517, Barreiro, Portalegre');
INSERT INTO substation (gpslat,gpslong,locality,sname,saddress) VALUES (38.75384,-9.23083,'Amadora','Rui Constantino','N0 5719, Casa 9, 5508-388, Évora, Faro');
INSERT INTO substation (gpslat,gpslong,locality,sname,saddress) VALUES (38.75382,-9.23087,'Amadora','Rui Constantino','N88 5560, Bloco 60, 9403-999, Braga, Leiria');
INSERT INTO substation (gpslat,gpslong,locality,sname,saddress) VALUES (40.64427,-8.64554,'Aveiro','Donovan Holland','N8 660, Bloco 82, 3248-816, Freamunde, Braga');
INSERT INTO substation (gpslat,gpslong,locality,sname,saddress) VALUES (40.64436,-8.64554,'Aveiro','Rui Constantino','N063-3 27, Apto. 802, 9400-069, Sabugal, Viseu');
INSERT INTO substation (gpslat,gpslong,locality,sname,saddress) VALUES (38.01506,-7.86323,'Beja','Angelina Jolie','N88 5560, Bloco 60, 9403-999, Braga, Leiria');
INSERT INTO substation (gpslat,gpslong,locality,sname,saddress) VALUES (38.01507,-7.86323,'Beja','Elvia Bowen','N55 67, Lote 04, 5450-652, Vila Franca de Xira, Guarda');
INSERT INTO substation (gpslat,gpslong,locality,sname,saddress) VALUES (38.01508,-7.86323,'Beja','John Oliver','N9 2, Lote 13, 1221-324, Santo Tirso, Lisboa');
INSERT INTO substation (gpslat,gpslong,locality,sname,saddress) VALUES (38.01509,-7.86323,'Beja','Jospeh Humphrey','N39 2, Apto. 465, 3265-837, Tarouca, Aveiro');
INSERT INTO substation (gpslat,gpslong,locality,sname,saddress) VALUES (38.01510,-7.86323,'Beja','Leonardo DiCaprio','N90 390, Casa 4, 2188-964, Águeda, Lisboa');
INSERT INTO substation (gpslat,gpslong,locality,sname,saddress) VALUES (41.55032,-8.42005,'Braga','Donovan Holland','N8 660, Bloco 82, 3248-816, Freamunde, Braga');
INSERT INTO substation (gpslat,gpslong,locality,sname,saddress) VALUES (41.55032,-8.42006,'Braga','Elton John','N55 67, Lote 04, 5450-652, Vila Franca de Xira, Guarda');
INSERT INTO substation (gpslat,gpslong,locality,sname,saddress) VALUES (41.55032,-8.42007,'Braga','Elvia Bowen','N55 67, Lote 04, 5450-652, Vila Franca de Xira, Guarda');
INSERT INTO substation (gpslat,gpslong,locality,sname,saddress) VALUES (41.55032,-8.42008,'Braga','Rui Constantino','N0 5719, Casa 9, 5508-388, Évora, Faro');
INSERT INTO substation (gpslat,gpslong,locality,sname,saddress) VALUES (41.55032,-8.42009,'Braga','Rui Constantino','N18 4, Apto. 831, 4737-949, São Mamede de Infesta, Leiria');
INSERT INTO substation (gpslat,gpslong,locality,sname,saddress) VALUES (39.82219,-7.49087,'Castelo Branco','Duarte Oliveira','N2 4342, Apto. 919, 4336-148, Alfena, Coimbra');
INSERT INTO substation (gpslat,gpslong,locality,sname,saddress) VALUES (39.82220,-7.49087,'Castelo Branco','John Oliver','N6 56, Lote 66, 2357-907, Guarda, Faro');
INSERT INTO substation (gpslat,gpslong,locality,sname,saddress) VALUES (39.82221,-7.49087,'Castelo Branco','Rui Constantino','N88 5560, Bloco 60, 9403-999, Braga, Leiria');
INSERT INTO substation (gpslat,gpslong,locality,sname,saddress) VALUES (38.56667,-7.90000,'Evora','Angelina Jolie','N206 5745, Casa 6, 2506-490, Setúbal, Viana do Castelo');
INSERT INTO substation (gpslat,gpslong,locality,sname,saddress) VALUES (38.56667,-7.90001,'Evora','Kelly Clarkson','Praça Guilherme Fernandes 690, Bloco 56, 2302-504, Torres Vedras, Viseu');
INSERT INTO substation (gpslat,gpslong,locality,sname,saddress) VALUES (38.56667,-7.90002,'Evora','Kelly Clarkson','Praça Guilherme Fernandes 690, Bloco 56, 2302-504, Torres Vedras, Viseu');
INSERT INTO substation (gpslat,gpslong,locality,sname,saddress) VALUES (38.56667,-7.90003,'Evora','Lorena Wolf','N475-9 9368, Apto. 018, 6596-902, Moura, Setúbal');
INSERT INTO substation (gpslat,gpslong,locality,sname,saddress) VALUES (37.01869,-7.92716,'Faro','Donovan Holland','N691 899, Casa 7, 5110-104, Póvoa de Varzim, Vila Real');
INSERT INTO substation (gpslat,gpslong,locality,sname,saddress) VALUES (37.01870,-7.92716,'Faro','Donovan Holland','N8 660, Bloco 82, 3248-816, Freamunde, Braga');
INSERT INTO substation (gpslat,gpslong,locality,sname,saddress) VALUES (37.01871,-7.92716,'Faro','Elton John','N736-8 533, Apto. 913, 8227-744, Cartaxo, Viana do Castelo');
INSERT INTO substation (gpslat,gpslong,locality,sname,saddress) VALUES (37.01872,-7.92716,'Faro','Elvia Bowen','N55 67, Lote 04, 5450-652, Vila Franca de Xira, Guarda');
INSERT INTO substation (gpslat,gpslong,locality,sname,saddress) VALUES (37.01873,-7.92716,'Faro','John Oliver','N9 2, Lote 13, 1221-324, Santo Tirso, Lisboa');
INSERT INTO substation (gpslat,gpslong,locality,sname,saddress) VALUES (37.01874,-7.92716,'Faro','Kelly Clarkson','Praça Guilherme Fernandes 690, Bloco 56, 2302-504, Torres Vedras, Viseu');
INSERT INTO substation (gpslat,gpslong,locality,sname,saddress) VALUES (37.01875,-7.92716,'Faro','Teddy Casey','N664-7 77, Casa 6, 5936-213, Porto, Vila Real');
INSERT INTO substation (gpslat,gpslong,locality,sname,saddress) VALUES (40.53733,-7.26575,'Guarda','Jospeh Humphrey','Urbanização Laura Faria 4, Lote 62, 1846-848, Mêda, Aveiro');
INSERT INTO substation (gpslat,gpslong,locality,sname,saddress) VALUES (40.53733,-7.26576,'Guarda','Lorena Wolf','N475-9 9368, Apto. 018, 6596-902, Moura, Setúbal');
INSERT INTO substation (gpslat,gpslong,locality,sname,saddress) VALUES (37.10202,-8.67422,'Lagos','Elton John','N55 67, Lote 04, 5450-652, Vila Franca de Xira, Guarda');
INSERT INTO substation (gpslat,gpslong,locality,sname,saddress) VALUES (37.10203,-8.67422,'Lagos','Joao Cardoso','Estrada Bruno Teixeira 6, Bloco 79, 2374-517, Barreiro, Portalegre');
INSERT INTO substation (gpslat,gpslong,locality,sname,saddress) VALUES (37.10204,-8.67422,'Lagos','Kelly Clarkson','Praça Guilherme Fernandes 690, Bloco 56, 2302-504, Torres Vedras, Viseu');
INSERT INTO substation (gpslat,gpslong,locality,sname,saddress) VALUES (37.10205,-8.67422,'Lagos','Rui Constantino','N88 5560, Bloco 60, 9403-999, Braga, Leiria');
INSERT INTO substation (gpslat,gpslong,locality,sname,saddress) VALUES (39.74362,-8.80705,'Leiria','Angelina Jolie','N206 5745, Casa 6, 2506-490, Setúbal, Viana do Castelo');
INSERT INTO substation (gpslat,gpslong,locality,sname,saddress) VALUES (39.74362,-8.80706,'Leiria','Elvia Bowen','N55 67, Lote 04, 5450-652, Vila Franca de Xira, Guarda');
INSERT INTO substation (gpslat,gpslong,locality,sname,saddress) VALUES (38.71667,-9.13333,'Lisboa','Duarte Oliveira','N2 4342, Apto. 919, 4336-148, Alfena, Coimbra');
INSERT INTO substation (gpslat,gpslong,locality,sname,saddress) VALUES (38.71668,-9.13333,'Lisboa','Duarte Oliveira','N385 6739, Bloco 62, 4483-037, Marco de Canaveses, Faro');
INSERT INTO substation (gpslat,gpslong,locality,sname,saddress) VALUES (38.71669,-9.13333,'Lisboa','Duarte Oliveira','N9 0, Apto. 257, 1728-205, Rebordosa, Vila Real');
INSERT INTO substation (gpslat,gpslong,locality,sname,saddress) VALUES (38.71670,-9.13333,'Lisboa','Kelly Clarkson','Praça Guilherme Fernandes 690, Bloco 56, 2302-504, Torres Vedras, Viseu');
INSERT INTO substation (gpslat,gpslong,locality,sname,saddress) VALUES (38.71671,-9.13333,'Lisboa','Rui Constantino','N0 5719, Casa 9, 5508-388, Évora, Faro');
INSERT INTO substation (gpslat,gpslong,locality,sname,saddress) VALUES (39.29379,-7.43122,'Portalegre','Elton John','N500 1, Apto. 244, 9984-703, Paredes, Viseu');
INSERT INTO substation (gpslat,gpslong,locality,sname,saddress) VALUES (39.29379,-7.43123,'Portalegre','Elton John','N55 67, Lote 04, 5450-652, Vila Franca de Xira, Guarda');
INSERT INTO substation (gpslat,gpslong,locality,sname,saddress) VALUES (41.14961,-8.61099,'Porto','Kelly Clarkson','N385 6739, Bloco 62, 4483-037, Marco de Canaveses, Faro');
INSERT INTO substation (gpslat,gpslong,locality,sname,saddress) VALUES (41.14962,-8.61099,'Porto','Oscar Wilde','N039 01, Casa 8, 5902-878, Penafiel, Setúbal');
INSERT INTO substation (gpslat,gpslong,locality,sname,saddress) VALUES (41.14963,-8.61099,'Porto','Rui Constantino','N0 5719, Casa 9, 5508-388, Évora, Faro');
INSERT INTO substation (gpslat,gpslong,locality,sname,saddress) VALUES (38.75657,-9.25451,'Queluz','Elton John','N736-8 533, Apto. 913, 8227-744, Cartaxo, Viana do Castelo');
INSERT INTO substation (gpslat,gpslong,locality,sname,saddress) VALUES (38.75657,-9.25452,'Queluz','Matilde Moreira','N55 67, Lote 04, 5450-652, Vila Franca de Xira, Guarda');
INSERT INTO substation (gpslat,gpslong,locality,sname,saddress) VALUES (39.23333,-8.68333,'Santarem','Elton John','N736-8 533, Apto. 913, 8227-744, Cartaxo, Viana do Castelo');
INSERT INTO substation (gpslat,gpslong,locality,sname,saddress) VALUES (39.23334,-8.68333,'Santarem','Elvia Bowen','N18 4, Apto. 831, 4737-949, São Mamede de Infesta, Leiria');
INSERT INTO substation (gpslat,gpslong,locality,sname,saddress) VALUES (39.23335,-8.68333,'Santarem','Elvia Bowen','N55 67, Lote 04, 5450-652, Vila Franca de Xira, Guarda');
INSERT INTO substation (gpslat,gpslong,locality,sname,saddress) VALUES (39.23336,-8.68333,'Santarem','Rui Constantino','N18 4, Apto. 831, 4737-949, São Mamede de Infesta, Leiria');
INSERT INTO substation (gpslat,gpslong,locality,sname,saddress) VALUES (38.5244,-8.88820,'Setubal','Elvia Bowen','N55 67, Lote 04, 5450-652, Vila Franca de Xira, Guarda');
INSERT INTO substation (gpslat,gpslong,locality,sname,saddress) VALUES (40.66101,-7.90971,'Viseu','Angelina Jolie','N88 5560, Bloco 60, 9403-999, Braga, Leiria');
INSERT INTO substation (gpslat,gpslong,locality,sname,saddress) VALUES (40.66101,-7.90972,'Viseu','Kelly Clarkson','N532 3, Casa 9, 1653-759, Leiria, Santarém');
INSERT INTO substation (gpslat,gpslong,locality,sname,saddress) VALUES (40.66101,-7.90973,'Viseu','Lorena Wolf','N475-9 9368, Apto. 018, 6596-902, Moura, Setúbal');


-- Table: Element
INSERT INTO element (id) VALUES ('B-101');
INSERT INTO element (id) VALUES ('B-120');
INSERT INTO element (id) VALUES ('B-128');
INSERT INTO element (id) VALUES ('B-163');
INSERT INTO element (id) VALUES ('B-190');
INSERT INTO element (id) VALUES ('B-195');
INSERT INTO element (id) VALUES ('B-224');
INSERT INTO element (id) VALUES ('B-230');
INSERT INTO element (id) VALUES ('B-233');
INSERT INTO element (id) VALUES ('B-261');
INSERT INTO element (id) VALUES ('B-270');
INSERT INTO element (id) VALUES ('B-275');
INSERT INTO element (id) VALUES ('B-300');
INSERT INTO element (id) VALUES ('B-334');
INSERT INTO element (id) VALUES ('B-336');
INSERT INTO element (id) VALUES ('B-369');
INSERT INTO element (id) VALUES ('B-426');
INSERT INTO element (id) VALUES ('B-436');
INSERT INTO element (id) VALUES ('B-477');
INSERT INTO element (id) VALUES ('B-544');
INSERT INTO element (id) VALUES ('B-553');
INSERT INTO element (id) VALUES ('B-576');
INSERT INTO element (id) VALUES ('B-640');
INSERT INTO element (id) VALUES ('B-641');
INSERT INTO element (id) VALUES ('B-647');
INSERT INTO element (id) VALUES ('B-664');
INSERT INTO element (id) VALUES ('B-712');
INSERT INTO element (id) VALUES ('B-720');
INSERT INTO element (id) VALUES ('B-765');
INSERT INTO element (id) VALUES ('B-766');
INSERT INTO element (id) VALUES ('B-789');
INSERT INTO element (id) VALUES ('B-807');
INSERT INTO element (id) VALUES ('B-812');
INSERT INTO element (id) VALUES ('B-821');
INSERT INTO element (id) VALUES ('B-853');
INSERT INTO element (id) VALUES ('B-864');
INSERT INTO element (id) VALUES ('B-880');
INSERT INTO element (id) VALUES ('B-900');
INSERT INTO element (id) VALUES ('B-901');
INSERT INTO element (id) VALUES ('B-937');
INSERT INTO element (id) VALUES ('B-940');
INSERT INTO element (id) VALUES ('B-991');
INSERT INTO element (id) VALUES ('B-992');
INSERT INTO element (id) VALUES ('B-993');
INSERT INTO element (id) VALUES ('B-994');
INSERT INTO element (id) VALUES ('B-995');
INSERT INTO element (id) VALUES ('B-996');
INSERT INTO element (id) VALUES ('B-997');
INSERT INTO element (id) VALUES ('B-998');
INSERT INTO element (id) VALUES ('B-999');
INSERT INTO element (id) VALUES ('L-114');
INSERT INTO element (id) VALUES ('L-141');
INSERT INTO element (id) VALUES ('L-144');
INSERT INTO element (id) VALUES ('L-146');
INSERT INTO element (id) VALUES ('L-167');
INSERT INTO element (id) VALUES ('L-173');
INSERT INTO element (id) VALUES ('L-260');
INSERT INTO element (id) VALUES ('L-297');
INSERT INTO element (id) VALUES ('L-298');
INSERT INTO element (id) VALUES ('L-338');
INSERT INTO element (id) VALUES ('L-398');
INSERT INTO element (id) VALUES ('L-421');
INSERT INTO element (id) VALUES ('L-432');
INSERT INTO element (id) VALUES ('L-491');
INSERT INTO element (id) VALUES ('L-496');
INSERT INTO element (id) VALUES ('L-497');
INSERT INTO element (id) VALUES ('L-499');
INSERT INTO element (id) VALUES ('L-519');
INSERT INTO element (id) VALUES ('L-553');
INSERT INTO element (id) VALUES ('L-571');
INSERT INTO element (id) VALUES ('L-611');
INSERT INTO element (id) VALUES ('L-635');
INSERT INTO element (id) VALUES ('L-684');
INSERT INTO element (id) VALUES ('L-690');
INSERT INTO element (id) VALUES ('L-715');
INSERT INTO element (id) VALUES ('L-750');
INSERT INTO element (id) VALUES ('L-777');
INSERT INTO element (id) VALUES ('L-797');
INSERT INTO element (id) VALUES ('L-823');
INSERT INTO element (id) VALUES ('L-842');
INSERT INTO element (id) VALUES ('L-851');
INSERT INTO element (id) VALUES ('L-863');
INSERT INTO element (id) VALUES ('L-869');
INSERT INTO element (id) VALUES ('L-890');
INSERT INTO element (id) VALUES ('L-910');
INSERT INTO element (id) VALUES ('L-920');
INSERT INTO element (id) VALUES ('L-956');
INSERT INTO element (id) VALUES ('L-979');
INSERT INTO element (id) VALUES ('L-980');
INSERT INTO element (id) VALUES ('L-981');
INSERT INTO element (id) VALUES ('L-982');
INSERT INTO element (id) VALUES ('L-983');
INSERT INTO element (id) VALUES ('L-984');
INSERT INTO element (id) VALUES ('L-985');
INSERT INTO element (id) VALUES ('L-986');
INSERT INTO element (id) VALUES ('L-987');
INSERT INTO element (id) VALUES ('L-988');
INSERT INTO element (id) VALUES ('L-989');
INSERT INTO element (id) VALUES ('L-990');
INSERT INTO element (id) VALUES ('L-991');
INSERT INTO element (id) VALUES ('T-137');
INSERT INTO element (id) VALUES ('T-144');
INSERT INTO element (id) VALUES ('T-149');
INSERT INTO element (id) VALUES ('T-162');
INSERT INTO element (id) VALUES ('T-214');
INSERT INTO element (id) VALUES ('T-279');
INSERT INTO element (id) VALUES ('T-303');
INSERT INTO element (id) VALUES ('T-345');
INSERT INTO element (id) VALUES ('T-366');
INSERT INTO element (id) VALUES ('T-371');
INSERT INTO element (id) VALUES ('T-388');
INSERT INTO element (id) VALUES ('T-404');
INSERT INTO element (id) VALUES ('T-424');
INSERT INTO element (id) VALUES ('T-429');
INSERT INTO element (id) VALUES ('T-432');
INSERT INTO element (id) VALUES ('T-463');
INSERT INTO element (id) VALUES ('T-531');
INSERT INTO element (id) VALUES ('T-562');
INSERT INTO element (id) VALUES ('T-649');
INSERT INTO element (id) VALUES ('T-650');
INSERT INTO element (id) VALUES ('T-674');
INSERT INTO element (id) VALUES ('T-706');
INSERT INTO element (id) VALUES ('T-715');
INSERT INTO element (id) VALUES ('T-739');
INSERT INTO element (id) VALUES ('T-766');
INSERT INTO element (id) VALUES ('T-783');
INSERT INTO element (id) VALUES ('T-866');
INSERT INTO element (id) VALUES ('T-885');
INSERT INTO element (id) VALUES ('T-900');
INSERT INTO element (id) VALUES ('T-959');
INSERT INTO element (id) VALUES ('T-960');
INSERT INTO element (id) VALUES ('T-961');
INSERT INTO element (id) VALUES ('T-962');
INSERT INTO element (id) VALUES ('T-963');
INSERT INTO element (id) VALUES ('T-964');
INSERT INTO element (id) VALUES ('T-965');
INSERT INTO element (id) VALUES ('T-966');
INSERT INTO element (id) VALUES ('T-967');
INSERT INTO element (id) VALUES ('T-968');
INSERT INTO element (id) VALUES ('T-969');
INSERT INTO element (id) VALUES ('T-970');
INSERT INTO element (id) VALUES ('T-971');
INSERT INTO element (id) VALUES ('T-972');
INSERT INTO element (id) VALUES ('T-973');
INSERT INTO element (id) VALUES ('T-974');
INSERT INTO element (id) VALUES ('T-975');
INSERT INTO element (id) VALUES ('T-976');
INSERT INTO element (id) VALUES ('T-977');
INSERT INTO element (id) VALUES ('T-978');
INSERT INTO element (id) VALUES ('T-979');

-- Table: busbar
INSERT INTO busbar (id,voltage) VALUES ('B-101',855.2);
INSERT INTO busbar (id,voltage) VALUES ('B-120',912.1);
INSERT INTO busbar (id,voltage) VALUES ('B-128',668.7);
INSERT INTO busbar (id,voltage) VALUES ('B-163',371.1);
INSERT INTO busbar (id,voltage) VALUES ('B-190',768.2);
INSERT INTO busbar (id,voltage) VALUES ('B-195',879.2);
INSERT INTO busbar (id,voltage) VALUES ('B-224',105.4);
INSERT INTO busbar (id,voltage) VALUES ('B-230',441.1);
INSERT INTO busbar (id,voltage) VALUES ('B-233',251.7);
INSERT INTO busbar (id,voltage) VALUES ('B-261',241.5);
INSERT INTO busbar (id,voltage) VALUES ('B-270',376.1);
INSERT INTO busbar (id,voltage) VALUES ('B-275',327.9);
INSERT INTO busbar (id,voltage) VALUES ('B-300',961.2);
INSERT INTO busbar (id,voltage) VALUES ('B-334',379.5);
INSERT INTO busbar (id,voltage) VALUES ('B-336',652.8);
INSERT INTO busbar (id,voltage) VALUES ('B-369',471.6);
INSERT INTO busbar (id,voltage) VALUES ('B-426',802.7);
INSERT INTO busbar (id,voltage) VALUES ('B-436',705.1);
INSERT INTO busbar (id,voltage) VALUES ('B-477',814.8);
INSERT INTO busbar (id,voltage) VALUES ('B-544',258.9);
INSERT INTO busbar (id,voltage) VALUES ('B-553',472.8);
INSERT INTO busbar (id,voltage) VALUES ('B-576',333.1);
INSERT INTO busbar (id,voltage) VALUES ('B-640',148.7);
INSERT INTO busbar (id,voltage) VALUES ('B-641',855.2);
INSERT INTO busbar (id,voltage) VALUES ('B-647',732.8);
INSERT INTO busbar (id,voltage) VALUES ('B-664',638.3);
INSERT INTO busbar (id,voltage) VALUES ('B-712',104.6);
INSERT INTO busbar (id,voltage) VALUES ('B-720',855.2);
INSERT INTO busbar (id,voltage) VALUES ('B-765',483.2);
INSERT INTO busbar (id,voltage) VALUES ('B-766',193.4);
INSERT INTO busbar (id,voltage) VALUES ('B-789',891.8);
INSERT INTO busbar (id,voltage) VALUES ('B-807',241.6);
INSERT INTO busbar (id,voltage) VALUES ('B-812',355.2);
INSERT INTO busbar (id,voltage) VALUES ('B-821',350.6);
INSERT INTO busbar (id,voltage) VALUES ('B-853',801.5);
INSERT INTO busbar (id,voltage) VALUES ('B-864',150.4);
INSERT INTO busbar (id,voltage) VALUES ('B-880',471.1);
INSERT INTO busbar (id,voltage) VALUES ('B-900',355.2);
INSERT INTO busbar (id,voltage) VALUES ('B-901',205.3);
INSERT INTO busbar (id,voltage) VALUES ('B-937',398.7);
INSERT INTO busbar (id,voltage) VALUES ('B-940',471.1);
INSERT INTO busbar (id,voltage) VALUES ('B-991',524.1);
INSERT INTO busbar (id,voltage) VALUES ('B-992',978.1);
INSERT INTO busbar (id,voltage) VALUES ('B-993',102.8);
INSERT INTO busbar (id,voltage) VALUES ('B-994',570.5);
INSERT INTO busbar (id,voltage) VALUES ('B-995',549.7);
INSERT INTO busbar (id,voltage) VALUES ('B-996',172.2);
INSERT INTO busbar (id,voltage) VALUES ('B-997',814.3);
INSERT INTO busbar (id,voltage) VALUES ('B-998',115.9);
INSERT INTO busbar (id,voltage) VALUES ('B-999',989.6);

--INSERT INTO element (id) VALUES ('T-980');
--INSERT INTO transformer (id,pv,sv,pbbid,sbbid,gpslat,gpslong) VALUES ('T-980',205.3,732.8,'B-901','B-647',40.66101,-7.90972);

-- Table: Transformer
INSERT INTO transformer (id,pv,sv,pbbid,sbbid,gpslat,gpslong) VALUES ('T-137',371.1,732.8,'B-163','B-647',40.66101,-7.90972);
INSERT INTO transformer (id,pv,sv,pbbid,sbbid,gpslat,gpslong) VALUES ('T-144',371.1,148.7,'B-163','B-640',40.53733,-7.26575);
INSERT INTO transformer (id,pv,sv,pbbid,sbbid,gpslat,gpslong) VALUES ('T-149',205.3,638.3,'B-901','B-664',38.56667,-7.90000);
INSERT INTO transformer (id,pv,sv,pbbid,sbbid,gpslat,gpslong) VALUES ('T-162',355.2,879.2,'B-900','B-195',37.01872,-7.92716);
INSERT INTO transformer (id,pv,sv,pbbid,sbbid,gpslat,gpslong) VALUES ('T-214',104.6,524.1,'B-712','B-991',37.01871,-7.92716);
INSERT INTO transformer (id,pv,sv,pbbid,sbbid,gpslat,gpslong) VALUES ('T-279',355.2,471.1,'B-812','B-880',38.56667,-7.90002);
INSERT INTO transformer (id,pv,sv,pbbid,sbbid,gpslat,gpslong) VALUES ('T-303',333.1,483.2,'B-576','B-765',38.71667,-9.13333);
INSERT INTO transformer (id,pv,sv,pbbid,sbbid,gpslat,gpslong) VALUES ('T-345',205.3,801.5,'B-901','B-853',40.64436,-8.64554);
INSERT INTO transformer (id,pv,sv,pbbid,sbbid,gpslat,gpslong) VALUES ('T-366',471.1,912.1,'B-940','B-120',37.01873,-7.92716);
INSERT INTO transformer (id,pv,sv,pbbid,sbbid,gpslat,gpslong) VALUES ('T-371',855.2,105.4,'B-101','B-224',38.75382,-9.23081);
INSERT INTO transformer (id,pv,sv,pbbid,sbbid,gpslat,gpslong) VALUES ('T-388',802.7,961.2,'B-426','B-300',37.01874,-7.92716);
INSERT INTO transformer (id,pv,sv,pbbid,sbbid,gpslat,gpslong) VALUES ('T-404',333.1,355.2,'B-576','B-812',39.23333,-8.68333);
INSERT INTO transformer (id,pv,sv,pbbid,sbbid,gpslat,gpslong) VALUES ('T-424',961.2,483.2,'B-300','B-765',39.82219,-7.49087);
INSERT INTO transformer (id,pv,sv,pbbid,sbbid,gpslat,gpslong) VALUES ('T-429',668.7,104.6,'B-128','B-712',38.71671,-9.13333);
INSERT INTO transformer (id,pv,sv,pbbid,sbbid,gpslat,gpslong) VALUES ('T-432',471.1,802.7,'B-940','B-426',38.56667,-7.90003);
INSERT INTO transformer (id,pv,sv,pbbid,sbbid,gpslat,gpslong) VALUES ('T-463',668.7,148.7,'B-128','B-640',38.75380,-9.23081);
INSERT INTO transformer (id,pv,sv,pbbid,sbbid,gpslat,gpslong) VALUES ('T-531',472.8,355.2,'B-553','B-812',41.55032,-8.42006);
INSERT INTO transformer (id,pv,sv,pbbid,sbbid,gpslat,gpslong) VALUES ('T-562',150.4,732.8,'B-864','B-647',37.10202,-8.67422);
INSERT INTO transformer (id,pv,sv,pbbid,sbbid,gpslat,gpslong) VALUES ('T-649',104.6,251.7,'B-712','B-233',41.14962,-8.61099);
INSERT INTO transformer (id,pv,sv,pbbid,sbbid,gpslat,gpslong) VALUES ('T-650',668.7,471.6,'B-128','B-369',39.82220,-7.49087);
INSERT INTO transformer (id,pv,sv,pbbid,sbbid,gpslat,gpslong) VALUES ('T-674',327.9,891.8,'B-275','B-789',41.14963,-8.61099);
INSERT INTO transformer (id,pv,sv,pbbid,sbbid,gpslat,gpslong) VALUES ('T-706',241.6,768.2,'B-807','B-190',37.10205,-8.67422);
INSERT INTO transformer (id,pv,sv,pbbid,sbbid,gpslat,gpslong) VALUES ('T-715',379.5,912.1,'B-334','B-120',37.10202,-8.67422);
INSERT INTO transformer (id,pv,sv,pbbid,sbbid,gpslat,gpslong) VALUES ('T-739',350.6,855.2,'B-821','B-720',38.01507,-7.86323);
INSERT INTO transformer (id,pv,sv,pbbid,sbbid,gpslat,gpslong) VALUES ('T-766',855.2,251.7,'B-101','B-233',38.71669,-9.13333);
INSERT INTO transformer (id,pv,sv,pbbid,sbbid,gpslat,gpslong) VALUES ('T-783',241.6,668.7,'B-807','B-128',38.56667,-7.90003);
INSERT INTO transformer (id,pv,sv,pbbid,sbbid,gpslat,gpslong) VALUES ('T-866',241.5,652.8,'B-261','B-336',38.75384,-9.23083);
INSERT INTO transformer (id,pv,sv,pbbid,sbbid,gpslat,gpslong) VALUES ('T-885',398.7,471.6,'B-937','B-369',38.56667,-7.90001);
INSERT INTO transformer (id,pv,sv,pbbid,sbbid,gpslat,gpslong) VALUES ('T-900',855.2,333.1,'B-641','B-576',41.55032,-8.42009);
INSERT INTO transformer (id,pv,sv,pbbid,sbbid,gpslat,gpslong) VALUES ('T-959',327.9,193.4,'B-275','B-766',37.10205,-8.67422);
INSERT INTO transformer (id,pv,sv,pbbid,sbbid,gpslat,gpslong) VALUES ('T-960',471.1,104.6,'B-880','B-712',41.14962,-8.61099);
INSERT INTO transformer (id,pv,sv,pbbid,sbbid,gpslat,gpslong) VALUES ('T-961',251.7,855.2,'B-233','B-720',39.74362,-8.80705);
INSERT INTO transformer (id,pv,sv,pbbid,sbbid,gpslat,gpslong) VALUES ('T-962',768.2,398.7,'B-190','B-937',39.23335,-8.68333);
INSERT INTO transformer (id,pv,sv,pbbid,sbbid,gpslat,gpslong) VALUES ('T-963',355.2,350.6,'B-900','B-821',38.71669,-9.13333);
INSERT INTO transformer (id,pv,sv,pbbid,sbbid,gpslat,gpslong) VALUES ('T-964',879.2,732.8,'B-195','B-647',38.01506,-7.86323);
INSERT INTO transformer (id,pv,sv,pbbid,sbbid,gpslat,gpslong) VALUES ('T-965',471.6,801.5,'B-369','B-853',39.23334,-8.68333);
INSERT INTO transformer (id,pv,sv,pbbid,sbbid,gpslat,gpslong) VALUES ('T-966',355.2,150.4,'B-900','B-864',37.10204,-8.67422);
INSERT INTO transformer (id,pv,sv,pbbid,sbbid,gpslat,gpslong) VALUES ('T-967',398.7,379.5,'B-937','B-334',40.64427,-8.64554);
INSERT INTO transformer (id,pv,sv,pbbid,sbbid,gpslat,gpslong) VALUES ('T-968',350.6,732.8,'B-821','B-647',39.23334,-8.68333);
INSERT INTO transformer (id,pv,sv,pbbid,sbbid,gpslat,gpslong) VALUES ('T-969',379.5,471.1,'B-334','B-940',37.10202,-8.67422);
INSERT INTO transformer (id,pv,sv,pbbid,sbbid,gpslat,gpslong) VALUES ('T-970',471.1,371.1,'B-940','B-163',38.01507,-7.86323);
INSERT INTO transformer (id,pv,sv,pbbid,sbbid,gpslat,gpslong) VALUES ('T-971',524.1,471.1,'B-991','B-940',38.01508,-7.86323);
INSERT INTO transformer (id,pv,sv,pbbid,sbbid,gpslat,gpslong) VALUES ('T-972',193.4,355.2,'B-766','B-812',37.01870,-7.92716);
INSERT INTO transformer (id,pv,sv,pbbid,sbbid,gpslat,gpslong) VALUES ('T-973',205.3,524.1,'B-901','B-991',40.66101,-7.90971);
INSERT INTO transformer (id,pv,sv,pbbid,sbbid,gpslat,gpslong) VALUES ('T-974',471.1,471.1,'B-880','B-940',38.71670,-9.13333);
INSERT INTO transformer (id,pv,sv,pbbid,sbbid,gpslat,gpslong) VALUES ('T-975',327.9,638.3,'B-275','B-664',37.10202,-8.67422);
INSERT INTO transformer (id,pv,sv,pbbid,sbbid,gpslat,gpslong) VALUES ('T-976',241.6,912.1,'B-807','B-120',38.75380,-9.23081);
INSERT INTO transformer (id,pv,sv,pbbid,sbbid,gpslat,gpslong) VALUES ('T-977',668.7,398.7,'B-128','B-937',39.23336,-8.68333);
INSERT INTO transformer (id,pv,sv,pbbid,sbbid,gpslat,gpslong) VALUES ('T-978',524.1,379.5,'B-991','B-334',39.74362,-8.80705);
INSERT INTO transformer (id,pv,sv,pbbid,sbbid,gpslat,gpslong) VALUES ('T-979',802.7,891.8,'B-426','B-789',37.01875,-7.92716);



-- Table: line
INSERT INTO line (id,impedance,pbbid,sbbid) VALUES ('L-114',405.11,'B-261','B-275');
INSERT INTO line (id,impedance,pbbid,sbbid) VALUES ('L-141',849.75,'B-880','B-996');
INSERT INTO line (id,impedance,pbbid,sbbid) VALUES ('L-144',972.12,'B-230','B-864');
INSERT INTO line (id,impedance,pbbid,sbbid) VALUES ('L-146',524.7,'B-641','B-647');
INSERT INTO line (id,impedance,pbbid,sbbid) VALUES ('L-167',849.75,'B-821','B-576');
INSERT INTO line (id,impedance,pbbid,sbbid) VALUES ('L-173',158.58,'B-369','B-426');
INSERT INTO line (id,impedance,pbbid,sbbid) VALUES ('L-260',250.25,'B-940','B-190');
INSERT INTO line (id,impedance,pbbid,sbbid) VALUES ('L-297',692.41,'B-426','B-993');
INSERT INTO line (id,impedance,pbbid,sbbid) VALUES ('L-298',460.26,'B-369','B-261');
INSERT INTO line (id,impedance,pbbid,sbbid) VALUES ('L-338',620.83,'B-766','B-807');
INSERT INTO line (id,impedance,pbbid,sbbid) VALUES ('L-398',178.08,'B-766','B-128');
INSERT INTO line (id,impedance,pbbid,sbbid) VALUES ('L-421',374.21,'B-647','B-997');
INSERT INTO line (id,impedance,pbbid,sbbid) VALUES ('L-432',427.1,'B-544','B-128');
INSERT INTO line (id,impedance,pbbid,sbbid) VALUES ('L-491',308.61,'B-190','B-937');
INSERT INTO line (id,impedance,pbbid,sbbid) VALUES ('L-496',289.09,'B-233','B-807');
INSERT INTO line (id,impedance,pbbid,sbbid) VALUES ('L-497',178.08,'B-640','B-233');
INSERT INTO line (id,impedance,pbbid,sbbid) VALUES ('L-499',849.75,'B-224','B-900');
INSERT INTO line (id,impedance,pbbid,sbbid) VALUES ('L-519',535.2,'B-720','B-553');
INSERT INTO line (id,impedance,pbbid,sbbid) VALUES ('L-553',917.83,'B-190','B-224');
INSERT INTO line (id,impedance,pbbid,sbbid) VALUES ('L-571',250.25,'B-864','B-997');
INSERT INTO line (id,impedance,pbbid,sbbid) VALUES ('L-611',738.28,'B-261','B-900');
INSERT INTO line (id,impedance,pbbid,sbbid) VALUES ('L-635',658.81,'B-997','B-712');
INSERT INTO line (id,impedance,pbbid,sbbid) VALUES ('L-684',668.25,'B-900','B-807');
INSERT INTO line (id,impedance,pbbid,sbbid) VALUES ('L-690',633.22,'B-275','B-334');
INSERT INTO line (id,impedance,pbbid,sbbid) VALUES ('L-715',491.53,'B-553','B-807');
INSERT INTO line (id,impedance,pbbid,sbbid) VALUES ('L-750',339.29,'B-576','B-821');
INSERT INTO line (id,impedance,pbbid,sbbid) VALUES ('L-777',836.60,'B-937','B-275');
INSERT INTO line (id,impedance,pbbid,sbbid) VALUES ('L-797',451.59,'B-900','B-853');
INSERT INTO line (id,impedance,pbbid,sbbid) VALUES ('L-823',924.27,'B-270','B-640');
INSERT INTO line (id,impedance,pbbid,sbbid) VALUES ('L-842',715.81,'B-901','B-275');
INSERT INTO line (id,impedance,pbbid,sbbid) VALUES ('L-851',274.68,'B-998','B-992');
INSERT INTO line (id,impedance,pbbid,sbbid) VALUES ('L-863',172.68,'B-369','B-807');
INSERT INTO line (id,impedance,pbbid,sbbid) VALUES ('L-869',375.92,'B-998','B-544');
INSERT INTO line (id,impedance,pbbid,sbbid) VALUES ('L-890',194.23,'B-900','B-880');
INSERT INTO line (id,impedance,pbbid,sbbid) VALUES ('L-910',171.60,'B-991','B-261');
INSERT INTO line (id,impedance,pbbid,sbbid) VALUES ('L-920',238.99,'B-991','B-641');
INSERT INTO line (id,impedance,pbbid,sbbid) VALUES ('L-956',990.73,'B-163','B-275');
INSERT INTO line (id,impedance,pbbid,sbbid) VALUES ('L-979',937.18,'B-765','B-101');
INSERT INTO line (id,impedance,pbbid,sbbid) VALUES ('L-980',171.66,'B-998','B-992');
INSERT INTO line (id,impedance,pbbid,sbbid) VALUES ('L-981',798.56,'B-544','B-937');
INSERT INTO line (id,impedance,pbbid,sbbid) VALUES ('L-982',419.67,'B-999','B-998');
INSERT INTO line (id,impedance,pbbid,sbbid) VALUES ('L-983',227.04,'B-101','B-261');
INSERT INTO line (id,impedance,pbbid,sbbid) VALUES ('L-984',219.11,'B-812','B-120');
INSERT INTO line (id,impedance,pbbid,sbbid) VALUES ('L-985',649.94,'B-190','B-991');
INSERT INTO line (id,impedance,pbbid,sbbid) VALUES ('L-986',413.09,'B-765','B-334');
INSERT INTO line (id,impedance,pbbid,sbbid) VALUES ('L-987',632.44,'B-940','B-553');
INSERT INTO line (id,impedance,pbbid,sbbid) VALUES ('L-988',855.80,'B-789','B-477');
INSERT INTO line (id,impedance,pbbid,sbbid) VALUES ('L-989',980.44,'B-195','B-999');
INSERT INTO line (id,impedance,pbbid,sbbid) VALUES ('L-990',420.08,'B-275','B-369');
INSERT INTO line (id,impedance,pbbid,sbbid) VALUES ('L-991',271.01,'B-766','B-641');

-- Table: incident
INSERT INTO incident (id,instant,description,severity) VALUES ('B-101','2020-10-04 22:02:17.000','Fall','1');
INSERT INTO incident (id,instant,description,severity) VALUES ('B-120','2020-11-02 10:07:51.000','Expodsed live parts','1');
INSERT INTO incident (id,instant,description,severity) VALUES ('B-120','2020-11-12 10:14:11.000','Stactic Electricity','6');
INSERT INTO incident (id,instant,description,severity) VALUES ('B-120','2020-10-04 22:02:17.000','Improperly maintained','5');
INSERT INTO incident (id,instant,description,severity) VALUES ('B-120','2020-11-05 10:14:11.000','Electrical Fire','8');
INSERT INTO incident (id,instant,description,severity) VALUES ('B-120','2020-10-06 21:56:55.000','Flammable materials left near exposed electrical wiring in the workplace.','1');
INSERT INTO incident (id,instant,description,severity) VALUES ('B-128','2020-10-23 19:24:51.000','Fall','5');
INSERT INTO incident (id,instant,description,severity) VALUES ('B-163','2020-10-24 20:36:55.000','Direct contact with exposed energized conductors','2');
INSERT INTO incident (id,instant,description,severity) VALUES ('B-163','2020-11-02 17:46:28.000','Carelessness','7');
INSERT INTO incident (id,instant,description,severity) VALUES ('B-190','2020-10-10 07:44:24.000','Obstructed discnect panels','4');
INSERT INTO incident (id,instant,description,severity) VALUES ('B-190','2020-11-04 22:08:05.000','Obstructed discnect panels','3');
INSERT INTO incident (id,instant,description,severity) VALUES ('B-195','2020-10-07 16:25:02.000','Fall','5');
INSERT INTO incident (id,instant,description,severity) VALUES ('B-224','2020-11-05 10:14:11.000','High voltage cables','9');
INSERT INTO incident (id,instant,description,severity) VALUES ('B-230','2020-10-04 22:02:17.000','Obstructed discnect panels','3');
INSERT INTO incident (id,instant,description,severity) VALUES ('B-230','2020-10-06 21:56:55.000','Electrocution','2');
INSERT INTO incident (id,instant,description,severity) VALUES ('B-230','2020-10-23 19:24:51.000','Improperly maintained','8');
INSERT INTO incident (id,instant,description,severity) VALUES ('B-230','2020-11-05 10:14:11.000','Electrocution','4');
INSERT INTO incident (id,instant,description,severity) VALUES ('B-230','2020-10-10 07:44:24.000','Flammable materials left near exposed electrical wiring in the workplace.','9');
INSERT INTO incident (id,instant,description,severity) VALUES ('B-261','2020-11-01 17:03:03.000','Fall and Burn','3');
INSERT INTO incident (id,instant,description,severity) VALUES ('B-261','2020-10-01 09:09:31.000','Stactic Electricity','4');
INSERT INTO incident (id,instant,description,severity) VALUES ('B-275','2020-10-13 05:30:59.000','Fall','10');
INSERT INTO incident (id,instant,description,severity) VALUES ('B-300','2020-10-02 17:34:48.000','Fall and Burn','7');
INSERT INTO incident (id,instant,description,severity) VALUES ('B-300','2020-10-02 06:58:58.000','Carelessness','5');
INSERT INTO incident (id,instant,description,severity) VALUES ('B-300','2020-10-31 13:07:44.000','Water or liquid near electrical equipment','1');
INSERT INTO incident (id,instant,description,severity) VALUES ('B-369','2020-11-08 05:44:45.000','Burns and Fall','3');
INSERT INTO incident (id,instant,description,severity) VALUES ('B-369','2020-11-12 10:14:11.000','High voltage cables','2');
INSERT INTO incident (id,instant,description,severity) VALUES ('B-426','2020-10-06 21:56:55.000','Direct contact with exposed energized conductors','6');
INSERT INTO incident (id,instant,description,severity) VALUES ('B-426','2020-10-19 06:07:56.000','Electric cords running under carpeting.','2');
INSERT INTO incident (id,instant,description,severity) VALUES ('B-426','2020-10-01 09:09:31.000','Burns and Fall','6');
INSERT INTO incident (id,instant,description,severity) VALUES ('B-436','2020-10-13 05:30:59.000','Burns','6');
INSERT INTO incident (id,instant,description,severity) VALUES ('B-436','2020-10-04 21:05:27.000','Electrical Fire','7');
INSERT INTO incident (id,instant,description,severity) VALUES ('B-477','2020-11-08 05:44:45.000','Obstructed discnect panels','1');
INSERT INTO incident (id,instant,description,severity) VALUES ('B-544','2020-10-31 13:07:44.000','Damaged Tools and equipment','7');
INSERT INTO incident (id,instant,description,severity) VALUES ('B-544','2020-10-06 22:45:21.000','Loose wire connections','6');
INSERT INTO incident (id,instant,description,severity) VALUES ('B-553','2020-10-28 16:20:36.000','Obstructed discnect panels','2');
INSERT INTO incident (id,instant,description,severity) VALUES ('B-553','2020-11-03 07:57:45.000','Damaged Tools and equipment','2');
INSERT INTO incident (id,instant,description,severity) VALUES ('B-576','2020-10-12 22:17:06.000','Obstructed discnect panels','5');
INSERT INTO incident (id,instant,description,severity) VALUES ('B-576','2020-11-07 06:32:01.000','Obstructed discnect panels','5');
INSERT INTO incident (id,instant,description,severity) VALUES ('B-640','2020-10-11 17:43:25.000','Burns and Fall','5');
INSERT INTO incident (id,instant,description,severity) VALUES ('B-647','2020-10-01 17:22:55.000','Direct contact with exposed energized conductors','3');
INSERT INTO incident (id,instant,description,severity) VALUES ('B-647','2020-10-23 06:33:06.000','Obstructed discnect panels','5');
INSERT INTO incident (id,instant,description,severity) VALUES ('B-664','2020-10-12 12:06:57.000','Obstructed discnect panels','2');
INSERT INTO incident (id,instant,description,severity) VALUES ('B-712','2020-11-12 12:48:00.000','Obstructed discnect panels','3');
INSERT INTO incident (id,instant,description,severity) VALUES ('B-720','2020-10-14 08:39:42.000','Burns and Fall','8');
INSERT INTO incident (id,instant,description,severity) VALUES ('B-720','2020-10-18 06:36:52.000','High voltage cables','7');
INSERT INTO incident (id,instant,description,severity) VALUES ('B-765','2020-10-03 15:31:31.000','Electric cords running under carpeting.','3');
INSERT INTO incident (id,instant,description,severity) VALUES ('B-765','2020-10-13 05:30:59.000','Burns and Fall','3');
INSERT INTO incident (id,instant,description,severity) VALUES ('B-766','2020-11-06 00:34:50.000','Burns and Fall','3');
INSERT INTO incident (id,instant,description,severity) VALUES ('B-766','2020-11-12 03:58:32.000','Electric Shock','8');
INSERT INTO incident (id,instant,description,severity) VALUES ('B-766','2020-10-14 08:39:42.000','Electric Shock','5');
INSERT INTO incident (id,instant,description,severity) VALUES ('B-789','2020-10-03 15:31:31.000','Flammable materials left near exposed electrical wiring in the workplace.','10');
INSERT INTO incident (id,instant,description,severity) VALUES ('B-789','2020-10-13 05:30:59.000','High voltage cables','4');
INSERT INTO incident (id,instant,description,severity) VALUES ('B-789','2020-11-05 10:14:11.000','Stactic Electricity','6');
INSERT INTO incident (id,instant,description,severity) VALUES ('B-812','2020-11-12 12:48:00.000','Stactic Electricity','3');
INSERT INTO incident (id,instant,description,severity) VALUES ('B-812','2020-10-14 08:39:42.000','Direct contact with exposed energized conductors','5');
INSERT INTO incident (id,instant,description,severity) VALUES ('B-821','2020-10-18 06:36:52.000','Stactic Electricity','5');
INSERT INTO incident (id,instant,description,severity) VALUES ('B-853','2020-10-03 15:31:31.000','Burns','6');
INSERT INTO incident (id,instant,description,severity) VALUES ('B-864','2020-10-13 05:30:59.000','Stactic Electricity','4');
INSERT INTO incident (id,instant,description,severity) VALUES ('B-864','2020-10-18 06:36:52.000','Fall and Burn','7');
INSERT INTO incident (id,instant,description,severity) VALUES ('B-880','2020-10-13 05:30:59.000','Electrocution','6');
INSERT INTO incident (id,instant,description,severity) VALUES ('B-880','2020-11-02 10:07:51.000','Improperly maintained','5');
INSERT INTO incident (id,instant,description,severity) VALUES ('B-900','2020-11-12 10:14:11.000','Electrical Fire','10');
INSERT INTO incident (id,instant,description,severity) VALUES ('B-900','2020-10-04 22:02:17.000','Electric Shock','6');
INSERT INTO incident (id,instant,description,severity) VALUES ('B-901','2020-11-05 10:14:11.000','Direct contact with exposed energized conductors','7');
INSERT INTO incident (id,instant,description,severity) VALUES ('B-901','2020-10-14 08:39:42.000','Poor wiring. Electrical Fire','4');
INSERT INTO incident (id,instant,description,severity) VALUES ('B-937','2020-10-07 16:25:02.000','Burns','8');
INSERT INTO incident (id,instant,description,severity) VALUES ('B-937','2020-11-05 10:14:11.000','Direct contact with exposed energized conductors','4');
INSERT INTO incident (id,instant,description,severity) VALUES ('B-937','2020-10-04 22:02:17.000','Direct contact with exposed energized conductors','9');
INSERT INTO incident (id,instant,description,severity) VALUES ('B-937','2020-10-13 05:30:59.000','Burns and Fall','1');
INSERT INTO incident (id,instant,description,severity) VALUES ('B-940','2020-10-26 04:24:52.000','Direct contact with exposed energized conductors','10');
INSERT INTO incident (id,instant,description,severity) VALUES ('B-940','2020-10-03 14:11:50.000','Improperly maintained','9');
INSERT INTO incident (id,instant,description,severity) VALUES ('B-940','2020-11-05 10:14:11.000','Burns','9');
INSERT INTO incident (id,instant,description,severity) VALUES ('B-991','2020-10-06 21:56:55.000','Stactic Electricity','4');
INSERT INTO incident (id,instant,description,severity) VALUES ('B-991','2020-10-26 11:44:28.000','Poor wiring. Electrical Fire','3');
INSERT INTO incident (id,instant,description,severity) VALUES ('B-992','2020-10-07 09:02:55.000','Electrical Fire','5');
INSERT INTO incident (id,instant,description,severity) VALUES ('B-992','2020-10-12 09:43:14.000','Burns and Fall','7');
INSERT INTO incident (id,instant,description,severity) VALUES ('B-992','2020-10-12 23:21:12.000','Flammable materials left near exposed electrical wiring in the workplace. Poor wiring','3');
INSERT INTO incident (id,instant,description,severity) VALUES ('B-992','2020-10-26 11:44:28.000','Flammable materials left near exposed electrical wiring in the workplace. Poor wiring','9');
INSERT INTO incident (id,instant,description,severity) VALUES ('B-992','2020-10-17 09:02:55.000','Burns and Fall','6');
INSERT INTO incident (id,instant,description,severity) VALUES ('B-993','2020-10-12 09:43:14.000','Poor wiring. Electrical Fire','8');
INSERT INTO incident (id,instant,description,severity) VALUES ('B-993','2020-10-12 23:21:12.000','Flammable materials left near exposed electrical wiring in the workplace','6');
INSERT INTO incident (id,instant,description,severity) VALUES ('B-994','2020-11-06 07:30:46.000','Flammable materials left near exposed electrical wiring in the workplace. Poor wiring','8');
INSERT INTO incident (id,instant,description,severity) VALUES ('B-994','2020-11-12 11:53:35.000','Flammable materials left near exposed electrical wiring in the workplace','5');
INSERT INTO incident (id,instant,description,severity) VALUES ('B-995','2020-10-27 23:15:15.000','Water or liquid near electrical equipment','4');
INSERT INTO incident (id,instant,description,severity) VALUES ('B-996','2020-11-04 00:49:50.000','Electric cords running under carpeting.','1');
INSERT INTO incident (id,instant,description,severity) VALUES ('B-997','2020-10-29 14:36:11.000','Fall and Burn','3');
INSERT INTO incident (id,instant,description,severity) VALUES ('B-998','2020-11-10 07:57:51.000','Burns','10');
INSERT INTO incident (id,instant,description,severity) VALUES ('B-999','2020-10-25 02:16:16.000','Fall','10');
INSERT INTO incident (id,instant,description,severity) VALUES ('B-999','2020-10-05 02:16:16.000','Improperly maintained','5');
INSERT INTO incident (id,instant,description,severity) VALUES ('B-999','2020-10-15 02:16:16.000','Old and Poor wiring','6');
INSERT INTO incident (id,instant,description,severity) VALUES ('B-999','2020-10-07 01:20:13.000','Flammable materials left near exposed electrical wiring in the workplace. Poor wiring','6');
INSERT INTO incident (id,instant,description,severity) VALUES ('L-114','2020-10-23 22:03:25.000','Loose wire connections','7');
INSERT INTO incident (id,instant,description,severity) VALUES ('L-114','2020-11-04 00:49:50.000','High voltage cables','6');
INSERT INTO incident (id,instant,description,severity) VALUES ('L-141','2020-10-29 14:36:11.000','Electric cords running under carpeting.','9');
INSERT INTO incident (id,instant,description,severity) VALUES ('L-144','2020-11-10 07:57:51.000','Poor wiring. Electrical Fire','8');
INSERT INTO incident (id,instant,description,severity) VALUES ('L-146','2020-10-25 02:16:16.000','Stactic Electricity','5');
INSERT INTO incident (id,instant,description,severity) VALUES ('L-146','2020-10-19 15:23:47.000','Flammable materials left near exposed electrical wiring in the workplace. Poor wiring','9');
INSERT INTO incident (id,instant,description,severity) VALUES ('L-167','2020-10-01 20:22:01.000','Obstructed discnect panels','9');
INSERT INTO incident (id,instant,description,severity) VALUES ('L-173','2020-10-02 10:36:21.000','Burns and Fall','5');
INSERT INTO incident (id,instant,description,severity) VALUES ('L-173','2020-10-22 10:36:21.000','Burns and Fall','3');
INSERT INTO incident (id,instant,description,severity) VALUES ('L-173','2020-10-28 04:52:30.000','Flammable materials left near exposed electrical wiring in the workplace. Poor wiring','4');
INSERT INTO incident (id,instant,description,severity) VALUES ('L-260','2020-10-07 14:43:40.000','Flammable materials left near exposed electrical wiring in the workplace. Poor wiring','5');
INSERT INTO incident (id,instant,description,severity) VALUES ('L-260','2020-10-19 15:23:47.000','Expodsed live parts','4');
INSERT INTO incident (id,instant,description,severity) VALUES ('L-297','2020-10-01 20:22:01.000','Flammable materials left near exposed electrical wiring in the workplace. Poor wiring','7');
INSERT INTO incident (id,instant,description,severity) VALUES ('L-297','2020-10-02 10:36:21.000','Fall','4');
INSERT INTO incident (id,instant,description,severity) VALUES ('L-297','2020-10-07 01:20:13.000','Damaged Tools and equipment','2');
INSERT INTO incident (id,instant,description,severity) VALUES ('L-298','2020-10-23 22:03:25.000','Burns and Fall','3');
INSERT INTO incident (id,instant,description,severity) VALUES ('L-298','2020-10-08 05:39:15.000','Old and Poor wiring','4');
INSERT INTO incident (id,instant,description,severity) VALUES ('L-338','2020-11-04 00:49:50.000','Burns','2');
INSERT INTO incident (id,instant,description,severity) VALUES ('L-338','2020-10-29 14:36:11.000','Carelessness','4');
INSERT INTO incident (id,instant,description,severity) VALUES ('L-398','2020-11-10 07:57:51.000','Flammable materials left near exposed electrical wiring in the workplace. Poor wiring','7');
INSERT INTO incident (id,instant,description,severity) VALUES ('L-398','2020-10-25 02:16:16.000','Direct contact with exposed energized conductors','1');
INSERT INTO incident (id,instant,description,severity) VALUES ('L-421','2020-11-03 22:11:57.000','Flammable materials left near exposed electrical wiring in the workplace. Poor wiring','4');
INSERT INTO incident (id,instant,description,severity) VALUES ('L-421','2020-10-30 19:36:12.000','Fall','7');
INSERT INTO incident (id,instant,description,severity) VALUES ('L-432','2020-10-06 19:08:37.000','Water or liquid near electrical equipment','8');
INSERT INTO incident (id,instant,description,severity) VALUES ('L-491','2020-10-03 15:31:31.000','Electrocution','3');
INSERT INTO incident (id,instant,description,severity) VALUES ('L-497','2020-10-13 05:30:59.000','Fall','4');
INSERT INTO incident (id,instant,description,severity) VALUES ('L-497','2020-11-04 00:49:50.000','Electrical Fire','2');
INSERT INTO incident (id,instant,description,severity) VALUES ('L-519','2020-11-04 00:49:50.000','Electrical Fire','2');
INSERT INTO incident (id,instant,description,severity) VALUES ('L-553','2020-10-06 21:56:55.000','Burns and Fall','8');
INSERT INTO incident (id,instant,description,severity) VALUES ('L-553','2020-10-26 11:44:28.000','Improperly maintained','1');
INSERT INTO incident (id,instant,description,severity) VALUES ('L-553','2020-10-07 09:02:55.000','Electric Shock','9');
INSERT INTO incident (id,instant,description,severity) VALUES ('L-571','2020-10-11 17:43:25.000','Damaged Tools and equipment','8');
INSERT INTO incident (id,instant,description,severity) VALUES ('L-571','2020-10-01 17:22:55.000','Poor wiring. Electrical Fire','3');
INSERT INTO incident (id,instant,description,severity) VALUES ('L-571','2020-11-12 05:57:53.000','Electric Shock','10');
INSERT INTO incident (id,instant,description,severity) VALUES ('L-571','2020-11-07 06:32:01.000','Flammable materials left near exposed electrical wiring in the workplace. Poor wiring','8');
INSERT INTO incident (id,instant,description,severity) VALUES ('L-611','2020-10-11 17:43:25.000','Obstructed discnect panels','10');
INSERT INTO incident (id,instant,description,severity) VALUES ('L-635','2020-10-01 17:22:55.000','Expodsed live parts','5');
INSERT INTO incident (id,instant,description,severity) VALUES ('L-684','2020-10-23 06:33:06.000','Flammable materials left near exposed electrical wiring in the workplace','4');
INSERT INTO incident (id,instant,description,severity) VALUES ('L-684','2020-10-13 05:30:59.000','Improperly maintained','7');
INSERT INTO incident (id,instant,description,severity) VALUES ('L-690','2020-11-06 00:34:50.000','Carelessness','9');
INSERT INTO incident (id,instant,description,severity) VALUES ('L-715','2020-10-29 14:36:11.000','Stactic Electricity','3');
INSERT INTO incident (id,instant,description,severity) VALUES ('L-777','2020-11-10 07:57:51.000','Carelessness','1');
INSERT INTO incident (id,instant,description,severity) VALUES ('L-777','2020-10-07 09:02:55.000','Old and Poor wiring','3');
INSERT INTO incident (id,instant,description,severity) VALUES ('L-777','2020-11-12 05:57:53.000','Poor wiring. Electrical Fire','8');
INSERT INTO incident (id,instant,description,severity) VALUES ('L-797','2020-10-24 20:36:55.000','Fall and Burn','9');
INSERT INTO incident (id,instant,description,severity) VALUES ('L-797','2020-10-01 17:22:55.000','Electrical Fire','1');
INSERT INTO incident (id,instant,description,severity) VALUES ('L-797','2020-10-14 20:36:55.000','Direct contact with exposed energized conductors','4');
INSERT INTO incident (id,instant,description,severity) VALUES ('L-842','2020-10-13 05:30:59.000','Stactic Electricity','10');
INSERT INTO incident (id,instant,description,severity) VALUES ('L-851','2020-11-12 05:57:53.000','Electrical Fire','10');
INSERT INTO incident (id,instant,description,severity) VALUES ('L-851','2020-10-26 11:44:28.000','Fall and Burn','8');
INSERT INTO incident (id,instant,description,severity) VALUES ('L-863','2020-10-07 09:02:55.000','Water or liquid near electrical equipment','4');
INSERT INTO incident (id,instant,description,severity) VALUES ('L-869','2020-10-09 06:31:56.000','Obstructed discnect panels','6');
INSERT INTO incident (id,instant,description,severity) VALUES ('L-869','2020-11-08 15:31:59.000','Electric cords running under carpeting.','7');
INSERT INTO incident (id,instant,description,severity) VALUES ('L-869','2020-10-12 23:21:12.000','Old and Poor wiring','2');
INSERT INTO incident (id,instant,description,severity) VALUES ('L-869','2020-11-11 16:19:46.000','Electric Shock','2');
INSERT INTO incident (id,instant,description,severity) VALUES ('L-890','2020-11-06 07:58:37.000','Old and Poor wiring','1');
INSERT INTO incident (id,instant,description,severity) VALUES ('L-890','2020-10-06 19:08:37.000','Electric Shock','1');
INSERT INTO incident (id,instant,description,severity) VALUES ('L-910','2020-11-08 15:20:29.000','Direct contact with exposed energized conductors','5');
INSERT INTO incident (id,instant,description,severity) VALUES ('L-910','2020-10-29 16:22:37.000','Water or liquid near electrical equipment','7');
INSERT INTO incident (id,instant,description,severity) VALUES ('L-910','2020-11-11 04:11:57.000','Damaged Tools and equipment','7');
INSERT INTO incident (id,instant,description,severity) VALUES ('L-956','2020-10-12 09:43:14.000','Damaged Tools and equipment','10');
INSERT INTO incident (id,instant,description,severity) VALUES ('L-979','2020-10-04 23:59:38.000','Electric Shock','3');
INSERT INTO incident (id,instant,description,severity) VALUES ('L-980','2020-11-01 17:16:36.000','Fall','7');
INSERT INTO incident (id,instant,description,severity) VALUES ('L-981','2020-10-16 16:13:39.000','Carelessness','5');
INSERT INTO incident (id,instant,description,severity) VALUES ('L-981','2020-10-18 06:36:52.000','High voltage cables','3');
INSERT INTO incident (id,instant,description,severity) VALUES ('L-982','2020-10-13 05:30:59.000','Burns','5');
INSERT INTO incident (id,instant,description,severity) VALUES ('L-982','2020-11-02 10:07:51.000','Stactic Electricity','2');
INSERT INTO incident (id,instant,description,severity) VALUES ('L-982','2020-11-12 10:14:11.000','Fall','2');
INSERT INTO incident (id,instant,description,severity) VALUES ('L-983','2020-10-04 22:02:17.000','Poor wiring. Electrical Fire','4');
INSERT INTO incident (id,instant,description,severity) VALUES ('L-984','2020-10-20 07:50:10.000','Obstructed discnect panels','2');
INSERT INTO incident (id,instant,description,severity) VALUES ('L-984','2020-10-09 02:41:27.000','Obstructed discnect panels','2');
INSERT INTO incident (id,instant,description,severity) VALUES ('L-984','2020-10-06 14:33:48.000','Electric Shock','10');
INSERT INTO incident (id,instant,description,severity) VALUES ('L-985','2020-10-08 12:23:28.000','Direct contact with exposed energized conductors','10');
INSERT INTO incident (id,instant,description,severity) VALUES ('L-986','2020-10-14 04:51:29.000','Expodsed live parts','3');
INSERT INTO incident (id,instant,description,severity) VALUES ('L-987','2020-10-08 03:59:01.000','Fall and Burn','9');
INSERT INTO incident (id,instant,description,severity) VALUES ('L-988','2020-10-23 09:18:06.000','Loose wire connections','7');
INSERT INTO incident (id,instant,description,severity) VALUES ('L-989','2020-10-31 06:19:04.000','Stactic Electricity','5');
INSERT INTO incident (id,instant,description,severity) VALUES ('L-989','2020-10-06 19:08:37.000','Water or liquid near electrical equipment','2');
INSERT INTO incident (id,instant,description,severity) VALUES ('T-137','2020-10-29 11:34:44.000','Electric cords running under carpeting.','6');
INSERT INTO incident (id,instant,description,severity) VALUES ('T-144','2020-10-31 12:30:11.000','Electrocution','3');
INSERT INTO incident (id,instant,description,severity) VALUES ('T-144','2020-11-06 07:58:37.000','High voltage cables','8');
INSERT INTO incident (id,instant,description,severity) VALUES ('T-144','2020-10-09 17:58:54.000','Damaged Tools and equipment','5');
INSERT INTO incident (id,instant,description,severity) VALUES ('T-144','2020-11-01 22:35:56.000','Fall and Burn','4');
INSERT INTO incident (id,instant,description,severity) VALUES ('T-144','2020-11-12 05:57:53.000','Old and Poor wiring','6');
INSERT INTO incident (id,instant,description,severity) VALUES ('T-149','2020-11-02 21:37:10.000','Electrocution','10');
INSERT INTO incident (id,instant,description,severity) VALUES ('T-162','2020-11-04 00:49:50.000','Stactic Electricity','5');
INSERT INTO incident (id,instant,description,severity) VALUES ('T-162','2020-10-11 19:11:49.000','Burns','2');
INSERT INTO incident (id,instant,description,severity) VALUES ('T-162','2020-10-31 06:19:04.000','Water or liquid near electrical equipment','6');
INSERT INTO incident (id,instant,description,severity) VALUES ('T-214','2020-10-09 06:31:56.000','High voltage cables','10');
INSERT INTO incident (id,instant,description,severity) VALUES ('T-303','2020-10-04 14:30:01.000','Fall','1');
INSERT INTO incident (id,instant,description,severity) VALUES ('T-303','2020-11-03 22:11:57.000','Fall','7');
INSERT INTO incident (id,instant,description,severity) VALUES ('T-303','2020-11-06 07:30:46.000','Improperly maintained','1');
INSERT INTO incident (id,instant,description,severity) VALUES ('T-303','2020-10-21 09:56:36.000','Electric cords running under carpeting.','7');
INSERT INTO incident (id,instant,description,severity) VALUES ('T-303','2020-11-04 22:21:49.000','Direct contact with exposed energized conductors','9');
INSERT INTO incident (id,instant,description,severity) VALUES ('T-345','2020-10-08 12:23:28.000','Old and Poor wiring','3');
INSERT INTO incident (id,instant,description,severity) VALUES ('T-345','2020-11-01 17:16:36.000','Carelessness','2');
INSERT INTO incident (id,instant,description,severity) VALUES ('T-345','2020-10-26 04:24:52.000','Expodsed live parts','3');
INSERT INTO incident (id,instant,description,severity) VALUES ('T-366','2020-10-28 11:23:08.000','Expodsed live parts','6');
INSERT INTO incident (id,instant,description,severity) VALUES ('T-366','2020-11-06 15:03:14.000','Direct contact with exposed energized conductors','8');
INSERT INTO incident (id,instant,description,severity) VALUES ('T-388','2020-10-12 09:43:14.000','Fall','1');
INSERT INTO incident (id,instant,description,severity) VALUES ('T-404','2020-10-29 11:34:44.000','Flammable materials left near exposed electrical wiring in the workplace','4');
INSERT INTO incident (id,instant,description,severity) VALUES ('T-404','2020-11-11 16:19:46.000','Expodsed live parts','3');
INSERT INTO incident (id,instant,description,severity) VALUES ('T-424','2020-10-08 19:58:19.000','Improperly maintained','4');
INSERT INTO incident (id,instant,description,severity) VALUES ('T-424','2020-10-23 03:24:27.000','Damaged Tools and equipment','3');
INSERT INTO incident (id,instant,description,severity) VALUES ('T-429','2020-11-01 22:35:56.000','Fall and Burn','7');
INSERT INTO incident (id,instant,description,severity) VALUES ('T-432','2020-10-27 23:15:15.000','Loose wire connections','9');
INSERT INTO incident (id,instant,description,severity) VALUES ('T-432','2020-10-15 02:12:49.000','Burns','4');
INSERT INTO incident (id,instant,description,severity) VALUES ('T-463','2020-11-07 16:53:47.000','Fall','1');
INSERT INTO incident (id,instant,description,severity) VALUES ('T-531','2020-10-28 04:52:30.000','Carelessness','5');
INSERT INTO incident (id,instant,description,severity) VALUES ('T-649','2020-10-29 14:36:11.000','Direct contact with exposed energized conductors','1');
INSERT INTO incident (id,instant,description,severity) VALUES ('T-649','2020-10-02 10:36:21.000','Damaged Tools and equipment','1');
INSERT INTO incident (id,instant,description,severity) VALUES ('T-649','2020-11-03 22:11:57.000','Fall','7');
INSERT INTO incident (id,instant,description,severity) VALUES ('T-674','2020-10-16 16:13:39.000','Electric cords running under carpeting.','10');
INSERT INTO incident (id,instant,description,severity) VALUES ('T-674','2020-11-08 15:20:29.000','Loose wire connections','10');
INSERT INTO incident (id,instant,description,severity) VALUES ('T-674','2020-10-05 13:32:46.000','Flammable materials left near exposed electrical wiring in the workplace. Poor wiring','5');
INSERT INTO incident (id,instant,description,severity) VALUES ('T-706','2020-11-08 15:31:59.000','Flammable materials left near exposed electrical wiring in the workplace. Poor wiring','8');
INSERT INTO incident (id,instant,description,severity) VALUES ('T-715','2020-11-06 07:22:35.000','Old and Poor wiring','5');
INSERT INTO incident (id,instant,description,severity) VALUES ('T-715','2020-11-04 22:21:49.000','Stactic Electricity','10');
INSERT INTO incident (id,instant,description,severity) VALUES ('T-961','2020-10-21 09:56:36.000','Expodsed live parts','8');
INSERT INTO incident (id,instant,description,severity) VALUES ('T-739','2020-10-23 03:24:27.000','Burns and Fall','3');
INSERT INTO incident (id,instant,description,severity) VALUES ('T-766','2020-11-06 07:30:46.000','Old and Poor wiring','8');
INSERT INTO incident (id,instant,description,severity) VALUES ('T-783','2020-10-11 18:02:12.000','Flammable materials left near exposed electrical wiring in the workplace','2');
INSERT INTO incident (id,instant,description,severity) VALUES ('T-866','2020-10-25 02:16:16.000','Fall','9');
INSERT INTO incident (id,instant,description,severity) VALUES ('T-866','2020-11-06 07:58:37.000','High voltage cables','4');
INSERT INTO incident (id,instant,description,severity) VALUES ('T-866','2020-11-09 11:33:22.000','Electrocution','1');
INSERT INTO incident (id,instant,description,severity) VALUES ('T-885','2020-10-09 02:41:27.000','Electric Shock','6');
INSERT INTO incident (id,instant,description,severity) VALUES ('T-885','2020-10-27 23:15:15.000','Flammable materials left near exposed electrical wiring in the workplace','6');
INSERT INTO incident (id,instant,description,severity) VALUES ('T-885','2020-10-29 11:34:44.000','Carelessness','9');
INSERT INTO incident (id,instant,description,severity) VALUES ('T-885','2020-10-16 19:07:53.000','Burns and Fall','8');
INSERT INTO incident (id,instant,description,severity) VALUES ('T-900','2020-11-10 13:57:19.000','Loose wire connections','5');
INSERT INTO incident (id,instant,description,severity) VALUES ('T-900','2020-10-21 09:56:36.000','Expodsed live parts','9');
INSERT INTO incident (id,instant,description,severity) VALUES ('T-900','2020-10-25 02:16:16.000','Fall and Burn','4');
INSERT INTO incident (id,instant,description,severity) VALUES ('T-959','2020-10-15 13:10:48.000','High voltage cables','7');
INSERT INTO incident (id,instant,description,severity) VALUES ('T-959','2020-11-02 13:55:57.000','Flammable materials left near exposed electrical wiring in the workplace','6');
INSERT INTO incident (id,instant,description,severity) VALUES ('T-961','2020-11-08 15:31:59.000','Loose wire connections','4');
INSERT INTO incident (id,instant,description,severity) VALUES ('T-961','2020-10-28 15:31:59.000','Flammable materials left near exposed electrical wiring in the workplace','5');
INSERT INTO incident (id,instant,description,severity) VALUES ('T-963','2020-10-27 03:25:49.000','Fall and Burn','4');
INSERT INTO incident (id,instant,description,severity) VALUES ('T-963','2020-10-06 14:33:48.000','Flammable materials left near exposed electrical wiring in the workplace','2');
INSERT INTO incident (id,instant,description,severity) VALUES ('T-963','2020-10-02 10:36:21.000','Electrical Fire','3');
INSERT INTO incident (id,instant,description,severity) VALUES ('T-966','2020-10-02 10:36:21.000','Flammable materials left near exposed electrical wiring in the workplace. Poor wiring','6');
INSERT INTO incident (id,instant,description,severity) VALUES ('T-966','2020-10-01 20:22:01.000','Electric cords running under carpeting.','10');
INSERT INTO incident (id,instant,description,severity) VALUES ('T-966','2020-10-22 18:33:37.000','Improperly maintained','10');
INSERT INTO incident (id,instant,description,severity) VALUES ('T-968','2020-10-09 13:32:37.000','Improperly maintained','9');
INSERT INTO incident (id,instant,description,severity) VALUES ('T-969','2020-10-25 02:16:16.000','Fall','6');
INSERT INTO incident (id,instant,description,severity) VALUES ('T-969','2020-10-14 00:38:56.000','Improperly maintained','6');
INSERT INTO incident (id,instant,description,severity) VALUES ('T-969','2020-10-07 09:02:55.000','Improperly maintained','5');
INSERT INTO incident (id,instant,description,severity) VALUES ('T-969','2020-10-01 15:53:26.000','Fall and Burn','1');
INSERT INTO incident (id,instant,description,severity) VALUES ('T-971','2020-10-15 13:10:48.000','Fall and Burn','9');
INSERT INTO incident (id,instant,description,severity) VALUES ('T-972','2020-10-14 04:03:49.000','Burns','1');
INSERT INTO incident (id,instant,description,severity) VALUES ('T-973','2020-10-19 05:49:39.000','Flammable materials left near exposed electrical wiring in the workplace','10');
INSERT INTO incident (id,instant,description,severity) VALUES ('T-974','2020-10-21 18:55:39.000','Flammable materials left near exposed electrical wiring in the workplace. Poor wiring','4');
INSERT INTO incident (id,instant,description,severity) VALUES ('T-974','2020-10-05 13:32:46.000','Electrical Fire','1');
INSERT INTO incident (id,instant,description,severity) VALUES ('T-975','2020-11-01 02:03:27.000','Burns','3');
INSERT INTO incident (id,instant,description,severity) VALUES ('T-976','2020-10-08 12:23:28.000','Obstructed discnect panels','6');
INSERT INTO incident (id,instant,description,severity) VALUES ('T-977','2020-11-11 16:19:46.000','Electrocution','7');
INSERT INTO incident (id,instant,description,severity) VALUES ('T-977','2020-11-07 16:53:47.000','Burns','5');
INSERT INTO incident (id,instant,description,severity) VALUES ('T-977','2020-10-29 16:22:37.000','Expodsed live parts','7');
INSERT INTO incident (id,instant,description,severity) VALUES ('T-977','2020-10-09 13:32:37.000','Fall and Burn','3');
INSERT INTO incident (id,instant,description,severity) VALUES ('T-978','2020-11-06 07:22:35.000','Electric Shock','8');



-- Table: lineincident
INSERT INTO lineincident (id,instant,point) VALUES ('L-114','2020-10-23 22:03:25.000',6.09);
INSERT INTO lineincident (id,instant,point) VALUES ('L-114','2020-11-04 00:49:50.000',2.95);
INSERT INTO lineincident (id,instant,point) VALUES ('L-141','2020-10-29 14:36:11.000',8.60);
INSERT INTO lineincident (id,instant,point) VALUES ('L-144','2020-11-10 07:57:51.000',1.26);
INSERT INTO lineincident (id,instant,point) VALUES ('L-146','2020-10-25 02:16:16.000',3.43);
INSERT INTO lineincident (id,instant,point) VALUES ('L-146','2020-10-19 15:23:47.000',1.05);
INSERT INTO lineincident (id,instant,point) VALUES ('L-167','2020-10-01 20:22:01.000',6.59);
INSERT INTO lineincident (id,instant,point) VALUES ('L-173','2020-10-02 10:36:21.000',1.78);
INSERT INTO lineincident (id,instant,point) VALUES ('L-173','2020-10-22 10:36:21.000',4.58);
INSERT INTO lineincident (id,instant,point) VALUES ('L-173','2020-10-28 04:52:30.000',7.05);
INSERT INTO lineincident (id,instant,point) VALUES ('L-260','2020-10-07 14:43:40.000',5.00);
INSERT INTO lineincident (id,instant,point) VALUES ('L-260','2020-10-19 15:23:47.000',5.17);
INSERT INTO lineincident (id,instant,point) VALUES ('L-297','2020-10-01 20:22:01.000',5.62);
INSERT INTO lineincident (id,instant,point) VALUES ('L-297','2020-10-02 10:36:21.000',8.85);
INSERT INTO lineincident (id,instant,point) VALUES ('L-297','2020-10-07 01:20:13.000',6.86);
INSERT INTO lineincident (id,instant,point) VALUES ('L-298','2020-10-23 22:03:25.000',2.04);
INSERT INTO lineincident (id,instant,point) VALUES ('L-298','2020-10-08 05:39:15.000',3.08);
INSERT INTO lineincident (id,instant,point) VALUES ('L-338','2020-11-04 00:49:50.000',7.43);
INSERT INTO lineincident (id,instant,point) VALUES ('L-338','2020-10-29 14:36:11.000',8.59);
INSERT INTO lineincident (id,instant,point) VALUES ('L-398','2020-11-10 07:57:51.000',8.65);
INSERT INTO lineincident (id,instant,point) VALUES ('L-398','2020-10-25 02:16:16.000',3.80);
INSERT INTO lineincident (id,instant,point) VALUES ('L-421','2020-11-03 22:11:57.000',4.88);
INSERT INTO lineincident (id,instant,point) VALUES ('L-421','2020-10-30 19:36:12.000',8.59);
INSERT INTO lineincident (id,instant,point) VALUES ('L-432','2020-10-06 19:08:37.000',2.63);
INSERT INTO lineincident (id,instant,point) VALUES ('L-491','2020-10-03 15:31:31.000',5.15);
INSERT INTO lineincident (id,instant,point) VALUES ('L-497','2020-10-13 05:30:59.000',6.60);
INSERT INTO lineincident (id,instant,point) VALUES ('L-497','2020-11-04 00:49:50.000',5.25);
INSERT INTO lineincident (id,instant,point) VALUES ('L-519','2020-11-04 00:49:50.000',2.62);
INSERT INTO lineincident (id,instant,point) VALUES ('L-553','2020-10-06 21:56:55.000',5.59);
INSERT INTO lineincident (id,instant,point) VALUES ('L-553','2020-10-26 11:44:28.000',3.02);
INSERT INTO lineincident (id,instant,point) VALUES ('L-553','2020-10-07 09:02:55.000',7.34);
INSERT INTO lineincident (id,instant,point) VALUES ('L-571','2020-10-11 17:43:25.000',1.55);
INSERT INTO lineincident (id,instant,point) VALUES ('L-571','2020-10-01 17:22:55.000',8.91);
INSERT INTO lineincident (id,instant,point) VALUES ('L-571','2020-11-12 05:57:53.000',6.72);
INSERT INTO lineincident (id,instant,point) VALUES ('L-571','2020-11-07 06:32:01.000',7.86);
INSERT INTO lineincident (id,instant,point) VALUES ('L-611','2020-10-11 17:43:25.000',3.44);
INSERT INTO lineincident (id,instant,point) VALUES ('L-635','2020-10-01 17:22:55.000',6.50);
INSERT INTO lineincident (id,instant,point) VALUES ('L-684','2020-10-23 06:33:06.000',5.94);
INSERT INTO lineincident (id,instant,point) VALUES ('L-684','2020-10-13 05:30:59.000',3.76);
INSERT INTO lineincident (id,instant,point) VALUES ('L-690','2020-11-06 00:34:50.000',2.39);
INSERT INTO lineincident (id,instant,point) VALUES ('L-715','2020-10-29 14:36:11.000',5.62);
INSERT INTO lineincident (id,instant,point) VALUES ('L-777','2020-11-10 07:57:51.000',5.96);
INSERT INTO lineincident (id,instant,point) VALUES ('L-777','2020-10-07 09:02:55.000',8.44);
INSERT INTO lineincident (id,instant,point) VALUES ('L-777','2020-11-12 05:57:53.000',3.95);
INSERT INTO lineincident (id,instant,point) VALUES ('L-797','2020-10-24 20:36:55.000',7.51);
INSERT INTO lineincident (id,instant,point) VALUES ('L-797','2020-10-01 17:22:55.000',5.77);
INSERT INTO lineincident (id,instant,point) VALUES ('L-797','2020-10-14 20:36:55.000',3.28);
INSERT INTO lineincident (id,instant,point) VALUES ('L-842','2020-10-13 05:30:59.000',2.66);
INSERT INTO lineincident (id,instant,point) VALUES ('L-851','2020-11-12 05:57:53.000',8.13);
INSERT INTO lineincident (id,instant,point) VALUES ('L-851','2020-10-26 11:44:28.000',3.19);
INSERT INTO lineincident (id,instant,point) VALUES ('L-863','2020-10-07 09:02:55.000',3.82);
INSERT INTO lineincident (id,instant,point) VALUES ('L-869','2020-10-09 06:31:56.000',2.62);
INSERT INTO lineincident (id,instant,point) VALUES ('L-869','2020-11-08 15:31:59.000',7.44);
INSERT INTO lineincident (id,instant,point) VALUES ('L-869','2020-10-12 23:21:12.000',2.95);
INSERT INTO lineincident (id,instant,point) VALUES ('L-869','2020-11-11 16:19:46.000',4.30);
INSERT INTO lineincident (id,instant,point) VALUES ('L-890','2020-11-06 07:58:37.000',1.88);
INSERT INTO lineincident (id,instant,point) VALUES ('L-890','2020-10-06 19:08:37.000',7.57);
INSERT INTO lineincident (id,instant,point) VALUES ('L-910','2020-11-08 15:20:29.000',6.25);
INSERT INTO lineincident (id,instant,point) VALUES ('L-910','2020-10-29 16:22:37.000',4.67);
INSERT INTO lineincident (id,instant,point) VALUES ('L-910','2020-11-11 04:11:57.000',7.89);
INSERT INTO lineincident (id,instant,point) VALUES ('L-956','2020-10-12 09:43:14.000',5.53);
INSERT INTO lineincident (id,instant,point) VALUES ('L-979','2020-10-04 23:59:38.000',2.50);
INSERT INTO lineincident (id,instant,point) VALUES ('L-980','2020-11-01 17:16:36.000',1.37);
INSERT INTO lineincident (id,instant,point) VALUES ('L-981','2020-10-16 16:13:39.000',7.25);
INSERT INTO lineincident (id,instant,point) VALUES ('L-981','2020-10-18 06:36:52.000',3.86);
INSERT INTO lineincident (id,instant,point) VALUES ('L-982','2020-10-13 05:30:59.000',4.17);
INSERT INTO lineincident (id,instant,point) VALUES ('L-982','2020-11-02 10:07:51.000',3.48);
INSERT INTO lineincident (id,instant,point) VALUES ('L-982','2020-11-12 10:14:11.000',5.49);
INSERT INTO lineincident (id,instant,point) VALUES ('L-983','2020-10-04 22:02:17.000',8.94);
INSERT INTO lineincident (id,instant,point) VALUES ('L-984','2020-10-20 07:50:10.000',4.25);
INSERT INTO lineincident (id,instant,point) VALUES ('L-984','2020-10-09 02:41:27.000',4.24);
INSERT INTO lineincident (id,instant,point) VALUES ('L-984','2020-10-06 14:33:48.000',4.52);
INSERT INTO lineincident (id,instant,point) VALUES ('L-985','2020-10-08 12:23:28.000',4.97);
INSERT INTO lineincident (id,instant,point) VALUES ('L-986','2020-10-14 04:51:29.000',1.30);
INSERT INTO lineincident (id,instant,point) VALUES ('L-987','2020-10-08 03:59:01.000',4.47);
INSERT INTO lineincident (id,instant,point) VALUES ('L-988','2020-10-23 09:18:06.000',7.46);
INSERT INTO lineincident (id,instant,point) VALUES ('L-989','2020-10-31 06:19:04.000',7.33);
INSERT INTO lineincident (id,instant,point) VALUES ('L-989','2020-10-06 19:08:37.000',8.40);


-- Table: analyses
INSERT INTO analyses (id,instant,name,address,report) VALUES ('B-101','2020-10-04 22:02:17.000','Joao Cardoso','N039 01, Casa 8, 5902-878, Penafiel, Setúbal','The problem has not solution');
INSERT INTO analyses (id,instant,name,address,report) VALUES ('B-120','2020-11-02 10:07:51.000','Duarte Oliveira','N9 0, Apto. 257, 1728-205, Rebordosa, Vila Real','The problem is solved');
INSERT INTO analyses (id,instant,name,address,report) VALUES ('B-120','2020-11-12 10:14:11.000','Duarte Oliveira','Largo Daniel Vaz 481, Casa 8, 1148-397, Portimão, Leiria','The problem has not solution');
INSERT INTO analyses (id,instant,name,address,report) VALUES ('B-120','2020-10-04 22:02:17.000','Teddy Casey','N500 1, Apto. 244, 9984-703, Paredes, Viseu','The problem is not solved yet');
INSERT INTO analyses (id,instant,name,address,report) VALUES ('B-120','2020-11-05 10:14:11.000','Elvia Bowen','N31 31, Apto. 831, 9718-873, Águeda, Viana do Castelo','The problem is solved');
INSERT INTO analyses (id,instant,name,address,report) VALUES ('B-120','2020-10-06 21:56:55.000','Donovan Holland','N8 660, Bloco 82, 3248-816, Freamunde, Braga','The problem is solved');
INSERT INTO analyses (id,instant,name,address,report) VALUES ('B-128','2020-10-23 19:24:51.000','Pedro Antunes','N495 7, Lote 19, 3174-764, Viseu, Viseu','The problem has not solution');
INSERT INTO analyses (id,instant,name,address,report) VALUES ('B-163','2020-10-24 20:36:55.000','Elvia Bowen','N606-0 1, Bloco 62, 2033-575, Torres Vedras, Castelo Branco','The problem is solved');
INSERT INTO analyses (id,instant,name,address,report) VALUES ('B-163','2020-11-02 17:46:28.000','Donovan Holland','N691 899, Casa 7, 5110-104, Póvoa de Varzim, Vila Real','The Superviser should check if the incident is solved');
INSERT INTO analyses (id,instant,name,address,report) VALUES ('B-190','2020-10-10 07:44:24.000','Lorena Wolf','Beco Letícia Nogueira 5, Casa 9, 8877-131, Vila Nova de Santo André, Évora','The problem has not solution');
INSERT INTO analyses (id,instant,name,address,report) VALUES ('B-190','2020-11-04 22:08:05.000','Jospeh Humphrey','N78 420, Apto. 782, 0833-773, Mêda, Évora','The problem is not solved yet');
INSERT INTO analyses (id,instant,name,address,report) VALUES ('B-195','2020-10-07 16:25:02.000','Jospeh Humphrey','N39 2, Apto. 465, 3265-837, Tarouca, Aveiro','The problem has not solution');
INSERT INTO analyses (id,instant,name,address,report) VALUES ('B-224','2020-11-05 10:14:11.000','Lionel Richie','N6 56, Lote 66, 2357-907, Guarda, Faro','The problem is solved');
INSERT INTO analyses (id,instant,name,address,report) VALUES ('B-230','2020-10-04 22:02:17.000','Pedro Antunes','N78 94, Casa 1, 4900-484, Sacavém, Bragança','The Superviser should check if the incident is solved');
INSERT INTO analyses (id,instant,name,address,report) VALUES ('B-230','2020-10-06 21:56:55.000','Jospeh Humphrey','N78 420, Apto. 782, 0833-773, Mêda, Évora','The problem is not solved yet');
INSERT INTO analyses (id,instant,name,address,report) VALUES ('B-230','2020-10-23 19:24:51.000','Matilde Moreira','Largo Daniel Vaz 481, Casa 8, 1148-397, Portimão, Leiria','The Superviser should check if the incident is solved');
INSERT INTO analyses (id,instant,name,address,report) VALUES ('B-230','2020-11-05 10:14:11.000','Oscar Wilde','N35 314, Casa 9, 1098-769, Loulé, Castelo Branco','The problem is solved');
INSERT INTO analyses (id,instant,name,address,report) VALUES ('B-230','2020-10-10 07:44:24.000','Jacob Pierre','N2 5174, Bloco 21, 7973-284, Ponta Delgada, Vila Real','The problem has not solution');
INSERT INTO analyses (id,instant,name,address,report) VALUES ('B-261','2020-11-01 17:03:03.000','Jane Sweettooth','Praça Guilherme Fernandes 690, Bloco 56, 2302-504, Torres Vedras, Viseu','The problem is solved');
INSERT INTO analyses (id,instant,name,address,report) VALUES ('B-261','2020-10-01 09:09:31.000','Joao Cardoso','N88 5560, Bloco 60, 9403-999, Braga, Leiria','The problem is not solved yet');
INSERT INTO analyses (id,instant,name,address,report) VALUES ('B-275','2020-10-13 05:30:59.000','Duarte Oliveira','Largo Daniel Vaz 481, Casa 8, 1148-397, Portimão, Leiria','The problem is solved');
INSERT INTO analyses (id,instant,name,address,report) VALUES ('B-300','2020-10-02 17:34:48.000','Donovan Holland','N8 660, Bloco 82, 3248-816, Freamunde, Braga','The Superviser should check if the incident is solved');
INSERT INTO analyses (id,instant,name,address,report) VALUES ('B-300','2020-10-02 06:58:58.000','Oscar Wilde','N066-3 06, Bloco 50, 4451-187, Seixal, Lisboa','The problem is not solved yet');
INSERT INTO analyses (id,instant,name,address,report) VALUES ('B-300','2020-10-31 13:07:44.000','Duarte Oliveira','N385 6739, Bloco 62, 4483-037, Marco de Canaveses, Faro','The problem is not solved yet');
INSERT INTO analyses (id,instant,name,address,report) VALUES ('B-369','2020-11-08 05:44:45.000','Jacob Pierre','N2 5174, Bloco 21, 7973-284, Ponta Delgada, Vila Real','The problem is not solved yet');
INSERT INTO analyses (id,instant,name,address,report) VALUES ('B-369','2020-11-12 10:14:11.000','Elvia Bowen','N88 5560, Bloco 60, 9403-999, Braga, Leiria','The problem is solved');
INSERT INTO analyses (id,instant,name,address,report) VALUES ('B-426','2020-10-06 21:56:55.000','Joao Cardoso','Bairro Eduarda Leal 6961, Casa 4, 2553-254, Santiago do Cacém, Leiria','The problem has not solution');
INSERT INTO analyses (id,instant,name,address,report) VALUES ('B-426','2020-10-19 06:07:56.000','Duarte Oliveira','N801 8, Lote 95, 6857-903, Quarteira, Beja','The problem is not solved yet');
INSERT INTO analyses (id,instant,name,address,report) VALUES ('B-426','2020-10-01 09:09:31.000','Elvia Bowen','N606-0 1, Bloco 62, 2033-575, Torres Vedras, Castelo Branco','The problem is solved');
INSERT INTO analyses (id,instant,name,address,report) VALUES ('B-436','2020-10-13 05:30:59.000','Donovan Holland','N8 660, Bloco 82, 3248-816, Freamunde, Braga','The Superviser should check if the incident is solved');
INSERT INTO analyses (id,instant,name,address,report) VALUES ('B-436','2020-10-04 21:05:27.000','Matilde Moreira','Largo Daniel Vaz 481, Casa 8, 1148-397, Portimão, Leiria','The problem is not solved yet');
INSERT INTO analyses (id,instant,name,address,report) VALUES ('B-477','2020-11-08 05:44:45.000','Elton John','N736-8 533, Apto. 913, 8227-744, Cartaxo, Viana do Castelo','The problem has not solution');
INSERT INTO analyses (id,instant,name,address,report) VALUES ('B-544','2020-10-31 13:07:44.000','Pedro Ribeiro','N549 4, Lote 57, 6283-982, Barcelos, Guarda','The problem is solved');
INSERT INTO analyses (id,instant,name,address,report) VALUES ('B-544','2020-10-06 22:45:21.000','Elton John','N093 5, Bloco 76, 3647-756, Ribeira Grande, Évora','The problem is not solved yet');
INSERT INTO analyses (id,instant,name,address,report) VALUES ('B-553','2020-10-28 16:20:36.000','Teddy Casey','N500 1, Apto. 244, 9984-703, Paredes, Viseu','The problem has not solution');
INSERT INTO analyses (id,instant,name,address,report) VALUES ('B-553','2020-11-03 07:57:45.000','Oscar Wilde','N59 3223, Lote 29, 8003-420, Miranda do Douro, Coimbra','The problem is not solved yet');
INSERT INTO analyses (id,instant,name,address,report) VALUES ('B-576','2020-10-12 22:17:06.000','Oscar Wilde','N066-3 06, Bloco 50, 4451-187, Seixal, Lisboa','The Superviser should check if the incident is solved');
INSERT INTO analyses (id,instant,name,address,report) VALUES ('B-576','2020-11-07 06:32:01.000','Lorena Wolf','N077-6 087, Apto. 204, 0772-449, Santa Cruz, Porto','The problem is not solved yet');
INSERT INTO analyses (id,instant,name,address,report) VALUES ('B-640','2020-10-11 17:43:25.000','Elvia Bowen','N55 67, Lote 04, 5450-652, Vila Franca de Xira, Guarda','The problem has not solution');
INSERT INTO analyses (id,instant,name,address,report) VALUES ('B-647','2020-10-01 17:22:55.000','Matilde Moreira','N40 22, Apto. 468, 6668-546, Ribeira Grande, Vila Real','The problem has not solution');
INSERT INTO analyses (id,instant,name,address,report) VALUES ('B-647','2020-10-23 06:33:06.000','John Oliver','N61 4, Lote 60, 9993-422, Porto, Beja','The problem is solved');
INSERT INTO analyses (id,instant,name,address,report) VALUES ('B-664','2020-10-12 12:06:57.000','Elvia Bowen','N55 67, Lote 04, 5450-652, Vila Franca de Xira, Guarda','The problem has not solution');
INSERT INTO analyses (id,instant,name,address,report) VALUES ('B-712','2020-11-12 12:48:00.000','Duarte Oliveira','N9 0, Apto. 257, 1728-205, Rebordosa, Vila Real','The problem is solved');
INSERT INTO analyses (id,instant,name,address,report) VALUES ('B-720','2020-10-14 08:39:42.000','Elton John','N093 5, Bloco 76, 3647-756, Ribeira Grande, Évora','The Superviser should check if the incident is solved');
INSERT INTO analyses (id,instant,name,address,report) VALUES ('B-720','2020-10-18 06:36:52.000','Leonardo DiCaprio','N857-3 1808, Lote 20, 3736-206, Vizela, Porto','The problem is solved');
INSERT INTO analyses (id,instant,name,address,report) VALUES ('B-765','2020-10-03 15:31:31.000','Pedro Antunes','N35 314, Casa 9, 1098-769, Loulé, Castelo Branco','The problem is not solved yet');
INSERT INTO analyses (id,instant,name,address,report) VALUES ('B-765','2020-10-13 05:30:59.000','Oscar Wilde','N264 7676, Apto. 746, 0359-287, Vila Nova de Foz Côa, Viseu','The Superviser should check if the incident is solved');
INSERT INTO analyses (id,instant,name,address,report) VALUES ('B-766','2020-11-06 00:34:50.000','Teddy Casey','N664-7 77, Casa 6, 5936-213, Porto, Vila Real','The problem is not solved yet');
INSERT INTO analyses (id,instant,name,address,report) VALUES ('B-766','2020-11-12 03:58:32.000','Lorena Wolf','N475-9 9368, Apto. 018, 6596-902, Moura, Setúbal','The problem has not solution');
INSERT INTO analyses (id,instant,name,address,report) VALUES ('B-766','2020-10-14 08:39:42.000','Leonardo DiCaprio','N857-3 1808, Lote 20, 3736-206, Vizela, Porto','The problem is not solved yet');
INSERT INTO analyses (id,instant,name,address,report) VALUES ('B-789','2020-10-03 15:31:31.000','Teddy Casey','N664-7 77, Casa 6, 5936-213, Porto, Vila Real','The problem is not solved yet');
INSERT INTO analyses (id,instant,name,address,report) VALUES ('B-789','2020-10-13 05:30:59.000','Joao Cardoso','N8 1093, Casa 5, 7891-388, Póvoa de Santa Iria, Vila Real','The problem is not solved yet');
INSERT INTO analyses (id,instant,name,address,report) VALUES ('B-789','2020-11-05 10:14:11.000','Jacob Pierre','N2 5174, Bloco 21, 7973-284, Ponta Delgada, Vila Real','The Superviser should check if the incident is solved');
INSERT INTO analyses (id,instant,name,address,report) VALUES ('B-812','2020-11-12 12:48:00.000','Lionel Richie','N359 6, Lote 40, 1564-648, Mêda, Aveiro','The problem is not solved yet');
INSERT INTO analyses (id,instant,name,address,report) VALUES ('B-812','2020-10-14 08:39:42.000','Kelly Clarkson','N385 6739, Bloco 62, 4483-037, Marco de Canaveses, Faro','The problem is solved');
INSERT INTO analyses (id,instant,name,address,report) VALUES ('B-821','2020-10-18 06:36:52.000','Joao Cardoso','N88 5560, Bloco 60, 9403-999, Braga, Leiria','The problem is solved');
INSERT INTO analyses (id,instant,name,address,report) VALUES ('B-853','2020-10-03 15:31:31.000','Joao Cardoso','N8 1093, Casa 5, 7891-388, Póvoa de Santa Iria, Vila Real','The problem is solved');
INSERT INTO analyses (id,instant,name,address,report) VALUES ('B-864','2020-10-13 05:30:59.000','John Oliver','N6 56, Lote 66, 2357-907, Guarda, Faro','The problem has not solution');
INSERT INTO analyses (id,instant,name,address,report) VALUES ('B-864','2020-10-18 06:36:52.000','John Oliver','N6 56, Lote 66, 2357-907, Guarda, Faro','The problem has not solution');
INSERT INTO analyses (id,instant,name,address,report) VALUES ('B-880','2020-10-13 05:30:59.000','Lorena Wolf','N475-9 9368, Apto. 018, 6596-902, Moura, Setúbal','The Superviser should check if the incident is solved');
INSERT INTO analyses (id,instant,name,address,report) VALUES ('B-880','2020-11-02 10:07:51.000','Jacob Pierre','N2 5174, Bloco 21, 7973-284, Ponta Delgada, Vila Real','The problem has not solution');
INSERT INTO analyses (id,instant,name,address,report) VALUES ('B-900','2020-11-12 10:14:11.000','Matilde Moreira','Largo Daniel Vaz 481, Casa 8, 1148-397, Portimão, Leiria','The Superviser should check if the incident is solved');
INSERT INTO analyses (id,instant,name,address,report) VALUES ('B-900','2020-10-04 22:02:17.000','Rui Constantino','N88 5560, Bloco 60, 9403-999, Braga, Leiria','The problem has not solution');
INSERT INTO analyses (id,instant,name,address,report) VALUES ('B-901','2020-11-05 10:14:11.000','Leonardo DiCaprio','N6 0, Bloco 33, 1758-021, Angra do Heroísmo, Portalegre','The problem has not solution');
INSERT INTO analyses (id,instant,name,address,report) VALUES ('B-901','2020-10-14 08:39:42.000','Donovan Holland','N664-7 77, Casa 6, 5936-213, Porto, Vila Real','The problem is solved');
INSERT INTO analyses (id,instant,name,address,report) VALUES ('B-937','2020-10-07 16:25:02.000','Joao Cardoso','Estrada Bruno Teixeira 6, Bloco 79, 2374-517, Barreiro, Portalegre','The Superviser should check if the incident is solved');
INSERT INTO analyses (id,instant,name,address,report) VALUES ('B-937','2020-11-05 10:14:11.000','Oscar Wilde','Travessa Núria Carneiro 7473, Bloco 75, 8682-518, Chaves, Guarda','The problem is not solved yet');
INSERT INTO analyses (id,instant,name,address,report) VALUES ('B-937','2020-10-04 22:02:17.000','Teddy Casey','N9 79, Apto. 689, 9182-669, Sabugal, Faro','The problem is not solved yet');
INSERT INTO analyses (id,instant,name,address,report) VALUES ('B-937','2020-10-13 05:30:59.000','Kelly Clarkson','N4 3, Bloco 15, 9666-911, Ribeira Grande, Guarda','The problem is not solved yet');
INSERT INTO analyses (id,instant,name,address,report) VALUES ('B-940','2020-10-26 04:24:52.000','Lorena Wolf','Beco Letícia Nogueira 5, Casa 9, 8877-131, Vila Nova de Santo André, Évora','The Superviser should check if the incident is solved');
INSERT INTO analyses (id,instant,name,address,report) VALUES ('B-940','2020-10-03 14:11:50.000','Jacob Pierre','N504 4344, Apto. 337, 0694-132, Almada, Beja','The problem is not solved yet');
INSERT INTO analyses (id,instant,name,address,report) VALUES ('B-940','2020-11-05 10:14:11.000','Oscar Wilde','N35 314, Casa 9, 1098-769, Loulé, Castelo Branco','The Superviser should check if the incident is solved');
INSERT INTO analyses (id,instant,name,address,report) VALUES ('B-991','2020-10-06 21:56:55.000','Oscar Wilde','N039 01, Casa 8, 5902-878, Penafiel, Setúbal','The problem is not solved yet');
INSERT INTO analyses (id,instant,name,address,report) VALUES ('B-991','2020-10-26 11:44:28.000','Lionel Richie','N8 660, Bloco 82, 3248-816, Freamunde, Braga','The Superviser should check if the incident is solved');
INSERT INTO analyses (id,instant,name,address,report) VALUES ('B-992','2020-10-07 09:02:55.000','Oscar Wilde','N35 314, Casa 9, 1098-769, Loulé, Castelo Branco','The problem is solved');
INSERT INTO analyses (id,instant,name,address,report) VALUES ('B-992','2020-10-12 09:43:14.000','Kelly Clarkson','N4 3, Bloco 15, 9666-911, Ribeira Grande, Guarda','The problem has not solution');
INSERT INTO analyses (id,instant,name,address,report) VALUES ('B-992','2020-10-12 23:21:12.000','John Oliver','N6 56, Lote 66, 2357-907, Guarda, Faro','The problem is solved');
INSERT INTO analyses (id,instant,name,address,report) VALUES ('B-992','2020-10-26 11:44:28.000','John Oliver','N61 4, Lote 60, 9993-422, Porto, Beja','The problem is solved');
INSERT INTO analyses (id,instant,name,address,report) VALUES ('B-992','2020-10-17 09:02:55.000','John Oliver','N61 4, Lote 60, 9993-422, Porto, Beja','The Superviser should check if the incident is solved');
INSERT INTO analyses (id,instant,name,address,report) VALUES ('B-993','2020-10-12 09:43:14.000','Matilde Moreira','N504 4344, Apto. 337, 0694-132, Almada, Beja','The Superviser should check if the incident is solved');
INSERT INTO analyses (id,instant,name,address,report) VALUES ('B-993','2020-10-12 23:21:12.000','Kelly Clarkson','N385 6739, Bloco 62, 4483-037, Marco de Canaveses, Faro','The problem has not solution');
INSERT INTO analyses (id,instant,name,address,report) VALUES ('B-994','2020-11-06 07:30:46.000','Teddy Casey','N664-7 77, Casa 6, 5936-213, Porto, Vila Real','The problem is solved');
INSERT INTO analyses (id,instant,name,address,report) VALUES ('B-994','2020-11-12 11:53:35.000','Angelina Jolie','N206 5745, Casa 6, 2506-490, Setúbal, Viana do Castelo','The problem is not solved yet');
INSERT INTO analyses (id,instant,name,address,report) VALUES ('B-995','2020-10-27 23:15:15.000','Donovan Holland','N8 660, Bloco 82, 3248-816, Freamunde, Braga','The Superviser should check if the incident is solved');
INSERT INTO analyses (id,instant,name,address,report) VALUES ('B-996','2020-11-04 00:49:50.000','Donovan Holland','N664-7 77, Casa 6, 5936-213, Porto, Vila Real','The Superviser should check if the incident is solved');
INSERT INTO analyses (id,instant,name,address,report) VALUES ('B-997','2020-10-29 14:36:11.000','Pedro Antunes','N495 7, Lote 19, 3174-764, Viseu, Viseu','The problem is solved');
INSERT INTO analyses (id,instant,name,address,report) VALUES ('B-998','2020-11-10 07:57:51.000','Donovan Holland','N8 660, Bloco 82, 3248-816, Freamunde, Braga','The problem has not solution');
INSERT INTO analyses (id,instant,name,address,report) VALUES ('B-999','2020-10-25 02:16:16.000','Jacob Pierre','N500 1, Apto. 244, 9984-703, Paredes, Viseu','The problem has not solution');
INSERT INTO analyses (id,instant,name,address,report) VALUES ('B-999','2020-10-05 02:16:16.000','Donovan Holland','N771-9 830, Casa 0, 4432-693, Odivelas, Porto','The problem has not solution');
INSERT INTO analyses (id,instant,name,address,report) VALUES ('B-999','2020-10-15 02:16:16.000','Angelina Jolie','N78 420, Apto. 782, 0833-773, Mêda, Évora','The Superviser should check if the incident is solved');
INSERT INTO analyses (id,instant,name,address,report) VALUES ('B-999','2020-10-07 01:20:13.000','Duarte Oliveira','N801 8, Lote 95, 6857-903, Quarteira, Beja','The Superviser should check if the incident is solved');
INSERT INTO analyses (id,instant,name,address,report) VALUES ('L-114','2020-10-23 22:03:25.000','Angelina Jolie','N88 5560, Bloco 60, 9403-999, Braga, Leiria','The problem is solved');
INSERT INTO analyses (id,instant,name,address,report) VALUES ('L-114','2020-11-04 00:49:50.000','Lorena Wolf','N475-9 9368, Apto. 018, 6596-902, Moura, Setúbal','The Superviser should check if the incident is solved');
INSERT INTO analyses (id,instant,name,address,report) VALUES ('L-141','2020-10-29 14:36:11.000','Jospeh Humphrey','N78 420, Apto. 782, 0833-773, Mêda, Évora','The Superviser should check if the incident is solved');
INSERT INTO analyses (id,instant,name,address,report) VALUES ('L-144','2020-11-10 07:57:51.000','Angelina Jolie','Beco Letícia Nogueira 5, Casa 9, 8877-131, Vila Nova de Santo André, Évora','The Superviser should check if the incident is solved');
INSERT INTO analyses (id,instant,name,address,report) VALUES ('L-146','2020-10-25 02:16:16.000','Elvia Bowen','N88 5560, Bloco 60, 9403-999, Braga, Leiria','The problem is not solved yet');
INSERT INTO analyses (id,instant,name,address,report) VALUES ('L-146','2020-10-19 15:23:47.000','Duarte Oliveira','N385 6739, Bloco 62, 4483-037, Marco de Canaveses, Faro','The problem is not solved yet');
INSERT INTO analyses (id,instant,name,address,report) VALUES ('L-167','2020-10-01 20:22:01.000','John Oliver','N61 4, Lote 60, 9993-422, Porto, Beja','The problem has not solution');
INSERT INTO analyses (id,instant,name,address,report) VALUES ('L-173','2020-10-02 10:36:21.000','Donovan Holland','N8 660, Bloco 82, 3248-816, Freamunde, Braga','The problem is solved');
INSERT INTO analyses (id,instant,name,address,report) VALUES ('L-173','2020-10-22 10:36:21.000','Leonardo DiCaprio','N736-8 533, Apto. 913, 8227-744, Cartaxo, Viana do Castelo','The problem is solved');
INSERT INTO analyses (id,instant,name,address,report) VALUES ('L-173','2020-10-28 04:52:30.000','Leonardo DiCaprio','N6 0, Bloco 33, 1758-021, Angra do Heroísmo, Portalegre','The problem has not solution');
INSERT INTO analyses (id,instant,name,address,report) VALUES ('L-260','2020-10-07 14:43:40.000','Leonardo DiCaprio','N857-3 1808, Lote 20, 3736-206, Vizela, Porto','The problem has not solution');
INSERT INTO analyses (id,instant,name,address,report) VALUES ('L-260','2020-10-19 15:23:47.000','Jospeh Humphrey','N39 2, Apto. 465, 3265-837, Tarouca, Aveiro','The Superviser should check if the incident is solved');
INSERT INTO analyses (id,instant,name,address,report) VALUES ('L-297','2020-10-01 20:22:01.000','Rui Constantino','N88 5560, Bloco 60, 9403-999, Braga, Leiria','The problem has not solution');
INSERT INTO analyses (id,instant,name,address,report) VALUES ('L-297','2020-10-02 10:36:21.000','Jospeh Humphrey','N39 2, Apto. 465, 3265-837, Tarouca, Aveiro','The problem is not solved yet');
INSERT INTO analyses (id,instant,name,address,report) VALUES ('L-297','2020-10-07 01:20:13.000','Elton John','N093 5, Bloco 76, 3647-756, Ribeira Grande, Évora','The problem has not solution');
INSERT INTO analyses (id,instant,name,address,report) VALUES ('L-298','2020-10-23 22:03:25.000','Elvia Bowen','N88 5560, Bloco 60, 9403-999, Braga, Leiria','The problem is not solved yet');
INSERT INTO analyses (id,instant,name,address,report) VALUES ('L-298','2020-10-08 05:39:15.000','Pedro Antunes','N794-0 3030, Lote 09, 3189-309, Vila do Conde, Leiria','The problem is not solved yet');
INSERT INTO analyses (id,instant,name,address,report) VALUES ('L-338','2020-11-04 00:49:50.000','Lorena Wolf','Escadas Edgar Araújo 3, Lote 09, 8121-887, Mealhada, Coimbra','The problem is not solved yet');
INSERT INTO analyses (id,instant,name,address,report) VALUES ('L-338','2020-10-29 14:36:11.000','Oscar Wilde','N066-3 06, Bloco 50, 4451-187, Seixal, Lisboa','The problem is not solved yet');
INSERT INTO analyses (id,instant,name,address,report) VALUES ('L-398','2020-11-10 07:57:51.000','Lorena Wolf','Escadas Edgar Araújo 3, Lote 09, 8121-887, Mealhada, Coimbra','The problem has not solution');
INSERT INTO analyses (id,instant,name,address,report) VALUES ('L-398','2020-10-25 02:16:16.000','Elvia Bowen','N801 8, Lote 95, 6857-903, Quarteira, Beja','The problem has not solution');
INSERT INTO analyses (id,instant,name,address,report) VALUES ('L-421','2020-11-03 22:11:57.000','Leonardo DiCaprio','N6 0, Bloco 33, 1758-021, Angra do Heroísmo, Portalegre','The problem has not solution');
INSERT INTO analyses (id,instant,name,address,report) VALUES ('L-421','2020-10-30 19:36:12.000','Joao Cardoso','N039 01, Casa 8, 5902-878, Penafiel, Setúbal','The problem has not solution');
INSERT INTO analyses (id,instant,name,address,report) VALUES ('L-432','2020-10-06 19:08:37.000','Donovan Holland','N691 899, Casa 7, 5110-104, Póvoa de Varzim, Vila Real','The problem is not solved yet');
INSERT INTO analyses (id,instant,name,address,report) VALUES ('L-491','2020-10-03 15:31:31.000','Pedro Antunes','N495 7, Lote 19, 3174-764, Viseu, Viseu','The problem is not solved yet');
INSERT INTO analyses (id,instant,name,address,report) VALUES ('L-497','2020-10-13 05:30:59.000','Elvia Bowen','N31 31, Apto. 831, 9718-873, Águeda, Viana do Castelo','The problem has not solution');
INSERT INTO analyses (id,instant,name,address,report) VALUES ('L-497','2020-11-04 00:49:50.000','Elvia Bowen','N2 5174, Bloco 21, 7973-284, Ponta Delgada, Vila Real','The problem is not solved yet');
INSERT INTO analyses (id,instant,name,address,report) VALUES ('L-519','2020-11-04 00:49:50.000','Joao Cardoso','N039 01, Casa 8, 5902-878, Penafiel, Setúbal','The problem has not solution');
INSERT INTO analyses (id,instant,name,address,report) VALUES ('L-553','2020-10-06 21:56:55.000','Elvia Bowen','N4 3, Bloco 15, 9666-911, Ribeira Grande, Guarda','The Superviser should check if the incident is solved');
INSERT INTO analyses (id,instant,name,address,report) VALUES ('L-553','2020-10-26 11:44:28.000','Teddy Casey','N9 79, Apto. 689, 9182-669, Sabugal, Faro','The Superviser should check if the incident is solved');
INSERT INTO analyses (id,instant,name,address,report) VALUES ('L-553','2020-10-07 09:02:55.000','Elvia Bowen','N31 31, Apto. 831, 9718-873, Águeda, Viana do Castelo','The problem is not solved yet');
INSERT INTO analyses (id,instant,name,address,report) VALUES ('L-571','2020-10-11 17:43:25.000','Oscar Wilde','N771-9 830, Casa 0, 4432-693, Odivelas, Porto','The problem is solved');
INSERT INTO analyses (id,instant,name,address,report) VALUES ('L-571','2020-10-01 17:22:55.000','Duarte Oliveira','Largo Daniel Vaz 481, Casa 8, 1148-397, Portimão, Leiria','The problem has not solution');
INSERT INTO analyses (id,instant,name,address,report) VALUES ('L-571','2020-11-12 05:57:53.000','Angelina Jolie','Beco Letícia Nogueira 5, Casa 9, 8877-131, Vila Nova de Santo André, Évora','The problem is solved');
INSERT INTO analyses (id,instant,name,address,report) VALUES ('L-571','2020-11-07 06:32:01.000','Teddy Casey','N9 79, Apto. 689, 9182-669, Sabugal, Faro','The problem is not solved yet');
INSERT INTO analyses (id,instant,name,address,report) VALUES ('L-611','2020-10-11 17:43:25.000','Elton John','N2 4342, Apto. 919, 4336-148, Alfena, Coimbra','The problem has not solution');
INSERT INTO analyses (id,instant,name,address,report) VALUES ('L-635','2020-10-01 17:22:55.000','Elton John','N500 1, Apto. 244, 9984-703, Paredes, Viseu','The problem has not solution');
INSERT INTO analyses (id,instant,name,address,report) VALUES ('L-684','2020-10-23 06:33:06.000','Oscar Wilde','N59 3223, Lote 29, 8003-420, Miranda do Douro, Coimbra','The problem is solved');
INSERT INTO analyses (id,instant,name,address,report) VALUES ('L-684','2020-10-13 05:30:59.000','Joao Cardoso','N8 1093, Casa 5, 7891-388, Póvoa de Santa Iria, Vila Real','The problem is solved');
INSERT INTO analyses (id,instant,name,address,report) VALUES ('L-690','2020-11-06 00:34:50.000','Lorena Wolf','Beco Letícia Nogueira 5, Casa 9, 8877-131, Vila Nova de Santo André, Évora','The problem is not solved yet');
INSERT INTO analyses (id,instant,name,address,report) VALUES ('L-715','2020-10-29 14:36:11.000','John Oliver','N61 4, Lote 60, 9993-422, Porto, Beja','The problem is not solved yet');
INSERT INTO analyses (id,instant,name,address,report) VALUES ('L-777','2020-11-10 07:57:51.000','Oscar Wilde','N59 3223, Lote 29, 8003-420, Miranda do Douro, Coimbra','The problem is not solved yet');
INSERT INTO analyses (id,instant,name,address,report) VALUES ('L-777','2020-10-07 09:02:55.000','Rui Constantino','N88 5560, Bloco 60, 9403-999, Braga, Leiria','The problem has not solution');
INSERT INTO analyses (id,instant,name,address,report) VALUES ('L-777','2020-11-12 05:57:53.000','Leonardo DiCaprio','N6 0, Bloco 33, 1758-021, Angra do Heroísmo, Portalegre','The problem is solved');
INSERT INTO analyses (id,instant,name,address,report) VALUES ('L-797','2020-10-24 20:36:55.000','Teddy Casey','N664-7 77, Casa 6, 5936-213, Porto, Vila Real','The problem has not solution');
INSERT INTO analyses (id,instant,name,address,report) VALUES ('L-797','2020-10-01 17:22:55.000','Elton John','N2 4342, Apto. 919, 4336-148, Alfena, Coimbra','The problem is not solved yet');
INSERT INTO analyses (id,instant,name,address,report) VALUES ('L-797','2020-10-14 20:36:55.000','Jospeh Humphrey','N78 420, Apto. 782, 0833-773, Mêda, Évora','The problem has not solution');
INSERT INTO analyses (id,instant,name,address,report) VALUES ('L-842','2020-10-13 05:30:59.000','Lorena Wolf','N475-9 9368, Apto. 018, 6596-902, Moura, Setúbal','The Superviser should check if the incident is solved');
INSERT INTO analyses (id,instant,name,address,report) VALUES ('L-851','2020-11-12 05:57:53.000','Matilde Moreira','N504 4344, Apto. 337, 0694-132, Almada, Beja','The problem is solved');
INSERT INTO analyses (id,instant,name,address,report) VALUES ('L-851','2020-10-26 11:44:28.000','Jane Sweettooth','Praça Guilherme Fernandes 690, Bloco 56, 2302-504, Torres Vedras, Viseu','The problem is solved');
INSERT INTO analyses (id,instant,name,address,report) VALUES ('L-863','2020-10-07 09:02:55.000','Pedro Antunes','N78 94, Casa 1, 4900-484, Sacavém, Bragança','The problem has not solution');
INSERT INTO analyses (id,instant,name,address,report) VALUES ('L-869','2020-10-09 06:31:56.000','Duarte Oliveira','N9 0, Apto. 257, 1728-205, Rebordosa, Vila Real','The Superviser should check if the incident is solved');
INSERT INTO analyses (id,instant,name,address,report) VALUES ('L-869','2020-11-08 15:31:59.000','Oscar Wilde','N039 01, Casa 8, 5902-878, Penafiel, Setúbal','The problem is solved');
INSERT INTO analyses (id,instant,name,address,report) VALUES ('L-869','2020-10-12 23:21:12.000','Joao Cardoso','N039 01, Casa 8, 5902-878, Penafiel, Setúbal','The problem has not solution');
INSERT INTO analyses (id,instant,name,address,report) VALUES ('L-869','2020-11-11 16:19:46.000','Joao Cardoso','N4 1035, Apto. 664, 7931-986, Angra do Heroísmo, Coimbra','The problem is not solved yet');
INSERT INTO analyses (id,instant,name,address,report) VALUES ('L-890','2020-11-06 07:58:37.000','Jospeh Humphrey','N39 2, Apto. 465, 3265-837, Tarouca, Aveiro','The problem is solved');
INSERT INTO analyses (id,instant,name,address,report) VALUES ('L-890','2020-10-06 19:08:37.000','Elvia Bowen','N606-0 1, Bloco 62, 2033-575, Torres Vedras, Castelo Branco','The Superviser should check if the incident is solved');
INSERT INTO analyses (id,instant,name,address,report) VALUES ('L-910','2020-11-08 15:20:29.000','Jospeh Humphrey','N39 2, Apto. 465, 3265-837, Tarouca, Aveiro','The Superviser should check if the incident is solved');
INSERT INTO analyses (id,instant,name,address,report) VALUES ('L-910','2020-10-29 16:22:37.000','Joao Cardoso','Bairro Eduarda Leal 6961, Casa 4, 2553-254, Santiago do Cacém, Leiria','The problem is not solved yet');
INSERT INTO analyses (id,instant,name,address,report) VALUES ('L-910','2020-11-11 04:11:57.000','Elvia Bowen','N88 5560, Bloco 60, 9403-999, Braga, Leiria','The Superviser should check if the incident is solved');
INSERT INTO analyses (id,instant,name,address,report) VALUES ('L-956','2020-10-12 09:43:14.000','Joao Cardoso','Bairro Eduarda Leal 6961, Casa 4, 2553-254, Santiago do Cacém, Leiria','The problem has not solution');
INSERT INTO analyses (id,instant,name,address,report) VALUES ('L-979','2020-10-04 23:59:38.000','Lorena Wolf','N475-9 9368, Apto. 018, 6596-902, Moura, Setúbal','The problem has not solution');
INSERT INTO analyses (id,instant,name,address,report) VALUES ('L-980','2020-11-01 17:16:36.000','Elton John','N500 1, Apto. 244, 9984-703, Paredes, Viseu','The problem is not solved yet');
INSERT INTO analyses (id,instant,name,address,report) VALUES ('L-981','2020-10-16 16:13:39.000','Donovan Holland','N771-9 830, Casa 0, 4432-693, Odivelas, Porto','The Superviser should check if the incident is solved');
INSERT INTO analyses (id,instant,name,address,report) VALUES ('L-981','2020-10-18 06:36:52.000','Joao Cardoso','N88 5560, Bloco 60, 9403-999, Braga, Leiria','The Superviser should check if the incident is solved');
INSERT INTO analyses (id,instant,name,address,report) VALUES ('L-982','2020-10-13 05:30:59.000','Jospeh Humphrey','N78 420, Apto. 782, 0833-773, Mêda, Évora','The problem is solved');
INSERT INTO analyses (id,instant,name,address,report) VALUES ('L-982','2020-11-02 10:07:51.000','Angelina Jolie','N88 5560, Bloco 60, 9403-999, Braga, Leiria','The problem is solved');
INSERT INTO analyses (id,instant,name,address,report) VALUES ('L-982','2020-11-12 10:14:11.000','Oscar Wilde','Travessa Núria Carneiro 7473, Bloco 75, 8682-518, Chaves, Guarda','The Superviser should check if the incident is solved');
INSERT INTO analyses (id,instant,name,address,report) VALUES ('L-983','2020-10-04 22:02:17.000','Elvia Bowen','N2 5174, Bloco 21, 7973-284, Ponta Delgada, Vila Real','The problem is not solved yet');
INSERT INTO analyses (id,instant,name,address,report) VALUES ('L-984','2020-10-20 07:50:10.000','Rui Constantino','N88 5560, Bloco 60, 9403-999, Braga, Leiria','The Superviser should check if the incident is solved');
INSERT INTO analyses (id,instant,name,address,report) VALUES ('L-984','2020-10-09 02:41:27.000','Pedro Ribeiro','N549 4, Lote 57, 6283-982, Barcelos, Guarda','The problem has not solution');
INSERT INTO analyses (id,instant,name,address,report) VALUES ('L-984','2020-10-06 14:33:48.000','Angelina Jolie','Beco Letícia Nogueira 5, Casa 9, 8877-131, Vila Nova de Santo André, Évora','The problem is solved');
INSERT INTO analyses (id,instant,name,address,report) VALUES ('L-985','2020-10-08 12:23:28.000','Lorena Wolf','Escadas Edgar Araújo 3, Lote 09, 8121-887, Mealhada, Coimbra','The problem is not solved yet');
INSERT INTO analyses (id,instant,name,address,report) VALUES ('L-986','2020-10-14 04:51:29.000','Kelly Clarkson','N4 3, Bloco 15, 9666-911, Ribeira Grande, Guarda','The problem has not solution');
INSERT INTO analyses (id,instant,name,address,report) VALUES ('L-987','2020-10-08 03:59:01.000','Donovan Holland','Escadas Edgar Araújo 3, Lote 09, 8121-887, Mealhada, Coimbra','The problem has not solution');
INSERT INTO analyses (id,instant,name,address,report) VALUES ('L-988','2020-10-23 09:18:06.000','Duarte Oliveira','N385 6739, Bloco 62, 4483-037, Marco de Canaveses, Faro','The problem has not solution');
INSERT INTO analyses (id,instant,name,address,report) VALUES ('L-989','2020-10-31 06:19:04.000','Joao Cardoso','N500 1, Apto. 244, 9984-703, Paredes, Viseu','The problem has not solution');
INSERT INTO analyses (id,instant,name,address,report) VALUES ('L-989','2020-10-06 19:08:37.000','Pedro Antunes','N794-0 3030, Lote 09, 3189-309, Vila do Conde, Leiria','The problem has not solution');
INSERT INTO analyses (id,instant,name,address,report) VALUES ('T-137','2020-10-29 11:34:44.000','Oscar Wilde','Travessa Núria Carneiro 7473, Bloco 75, 8682-518, Chaves, Guarda','The problem has not solution');
INSERT INTO analyses (id,instant,name,address,report) VALUES ('T-144','2020-10-31 12:30:11.000','Duarte Oliveira','N801 8, Lote 95, 6857-903, Quarteira, Beja','The problem is solved');
INSERT INTO analyses (id,instant,name,address,report) VALUES ('T-144','2020-11-06 07:58:37.000','Oscar Wilde','N35 314, Casa 9, 1098-769, Loulé, Castelo Branco','The Superviser should check if the incident is solved');
INSERT INTO analyses (id,instant,name,address,report) VALUES ('T-144','2020-10-09 17:58:54.000','Jospeh Humphrey','N39 2, Apto. 465, 3265-837, Tarouca, Aveiro','The problem is solved');
INSERT INTO analyses (id,instant,name,address,report) VALUES ('T-144','2020-11-01 22:35:56.000','Matilde Moreira','N40 22, Apto. 468, 6668-546, Ribeira Grande, Vila Real','The problem is solved');
INSERT INTO analyses (id,instant,name,address,report) VALUES ('T-144','2020-11-12 05:57:53.000','Pedro Antunes','N794-0 3030, Lote 09, 3189-309, Vila do Conde, Leiria','The problem is solved');
INSERT INTO analyses (id,instant,name,address,report) VALUES ('T-149','2020-11-02 21:37:10.000','Pedro Antunes','N794-0 3030, Lote 09, 3189-309, Vila do Conde, Leiria','The problem has not solution');
INSERT INTO analyses (id,instant,name,address,report) VALUES ('T-162','2020-11-04 00:49:50.000','Joao Cardoso','N4 1035, Apto. 664, 7931-986, Angra do Heroísmo, Coimbra','The problem is not solved yet');
INSERT INTO analyses (id,instant,name,address,report) VALUES ('T-162','2020-10-11 19:11:49.000','Leonardo DiCaprio','N6 0, Bloco 33, 1758-021, Angra do Heroísmo, Portalegre','The problem has not solution');
INSERT INTO analyses (id,instant,name,address,report) VALUES ('T-162','2020-10-31 06:19:04.000','Matilde Moreira','N504 4344, Apto. 337, 0694-132, Almada, Beja','The problem has not solution');
INSERT INTO analyses (id,instant,name,address,report) VALUES ('T-214','2020-10-09 06:31:56.000','Oscar Wilde','N066-3 06, Bloco 50, 4451-187, Seixal, Lisboa','The problem has not solution');
INSERT INTO analyses (id,instant,name,address,report) VALUES ('T-303','2020-10-04 14:30:01.000','Leonardo DiCaprio','N736-8 533, Apto. 913, 8227-744, Cartaxo, Viana do Castelo','The Superviser should check if the incident is solved');
INSERT INTO analyses (id,instant,name,address,report) VALUES ('T-303','2020-11-03 22:11:57.000','Rui Constantino','N88 5560, Bloco 60, 9403-999, Braga, Leiria','The problem is solved');
INSERT INTO analyses (id,instant,name,address,report) VALUES ('T-303','2020-11-06 07:30:46.000','Elton John','N2 4342, Apto. 919, 4336-148, Alfena, Coimbra','The problem has not solution');
INSERT INTO analyses (id,instant,name,address,report) VALUES ('T-303','2020-10-21 09:56:36.000','Elvia Bowen','N55 67, Lote 04, 5450-652, Vila Franca de Xira, Guarda','The problem has not solution');
INSERT INTO analyses (id,instant,name,address,report) VALUES ('T-303','2020-11-04 22:21:49.000','Duarte Oliveira','N9 0, Apto. 257, 1728-205, Rebordosa, Vila Real','The problem has not solution');
INSERT INTO analyses (id,instant,name,address,report) VALUES ('T-345','2020-10-08 12:23:28.000','Joao Cardoso','N8 1093, Casa 5, 7891-388, Póvoa de Santa Iria, Vila Real','The Superviser should check if the incident is solved');
INSERT INTO analyses (id,instant,name,address,report) VALUES ('T-345','2020-11-01 17:16:36.000','Jospeh Humphrey','N39 2, Apto. 465, 3265-837, Tarouca, Aveiro','The Superviser should check if the incident is solved');
INSERT INTO analyses (id,instant,name,address,report) VALUES ('T-345','2020-10-26 04:24:52.000','Elton John','N093 5, Bloco 76, 3647-756, Ribeira Grande, Évora','The Superviser should check if the incident is solved');
INSERT INTO analyses (id,instant,name,address,report) VALUES ('T-366','2020-10-28 11:23:08.000','Leonardo DiCaprio','N736-8 533, Apto. 913, 8227-744, Cartaxo, Viana do Castelo','The problem has not solution');
INSERT INTO analyses (id,instant,name,address,report) VALUES ('T-366','2020-11-06 15:03:14.000','Pedro Ribeiro','N549 4, Lote 57, 6283-982, Barcelos, Guarda','The problem is not solved yet');
INSERT INTO analyses (id,instant,name,address,report) VALUES ('T-388','2020-10-12 09:43:14.000','Teddy Casey','N500 1, Apto. 244, 9984-703, Paredes, Viseu','The problem is solved');
INSERT INTO analyses (id,instant,name,address,report) VALUES ('T-404','2020-10-29 11:34:44.000','Matilde Moreira','N939 2704, Apto. 078, 9786-063, São Salvador de Lordelo, Guarda','The problem has not solution');
INSERT INTO analyses (id,instant,name,address,report) VALUES ('T-404','2020-11-11 16:19:46.000','Joao Cardoso','N4 1035, Apto. 664, 7931-986, Angra do Heroísmo, Coimbra','The problem has not solution');
INSERT INTO analyses (id,instant,name,address,report) VALUES ('T-424','2020-10-08 19:58:19.000','Joao Cardoso','N4 1035, Apto. 664, 7931-986, Angra do Heroísmo, Coimbra','The Superviser should check if the incident is solved');
INSERT INTO analyses (id,instant,name,address,report) VALUES ('T-424','2020-10-23 03:24:27.000','Duarte Oliveira','N9 0, Apto. 257, 1728-205, Rebordosa, Vila Real','The problem is solved');
INSERT INTO analyses (id,instant,name,address,report) VALUES ('T-429','2020-11-01 22:35:56.000','Lorena Wolf','Escadas Edgar Araújo 3, Lote 09, 8121-887, Mealhada, Coimbra','The problem has not solution');
INSERT INTO analyses (id,instant,name,address,report) VALUES ('T-432','2020-10-27 23:15:15.000','Elvia Bowen','N4 3, Bloco 15, 9666-911, Ribeira Grande, Guarda','The problem has not solution');
INSERT INTO analyses (id,instant,name,address,report) VALUES ('T-432','2020-10-15 02:12:49.000','Jane Sweettooth','Praça Guilherme Fernandes 690, Bloco 56, 2302-504, Torres Vedras, Viseu','The problem is solved');
INSERT INTO analyses (id,instant,name,address,report) VALUES ('T-463','2020-11-07 16:53:47.000','Donovan Holland','N8 660, Bloco 82, 3248-816, Freamunde, Braga','The problem is not solved yet');
INSERT INTO analyses (id,instant,name,address,report) VALUES ('T-531','2020-10-28 04:52:30.000','Pedro Ribeiro','N549 4, Lote 57, 6283-982, Barcelos, Guarda','The problem is solved');
INSERT INTO analyses (id,instant,name,address,report) VALUES ('T-649','2020-10-29 14:36:11.000','Teddy Casey','N664-7 77, Casa 6, 5936-213, Porto, Vila Real','The problem is not solved yet');
INSERT INTO analyses (id,instant,name,address,report) VALUES ('T-649','2020-10-02 10:36:21.000','Donovan Holland','Praça Ígor Pinho 7, Lote 86, 3514-084, Montijo, Guarda','The problem has not solution');
INSERT INTO analyses (id,instant,name,address,report) VALUES ('T-649','2020-11-03 22:11:57.000','Leonardo DiCaprio','N736-8 533, Apto. 913, 8227-744, Cartaxo, Viana do Castelo','The Superviser should check if the incident is solved');
INSERT INTO analyses (id,instant,name,address,report) VALUES ('T-674','2020-10-16 16:13:39.000','Teddy Casey','N500 1, Apto. 244, 9984-703, Paredes, Viseu','The Superviser should check if the incident is solved');
INSERT INTO analyses (id,instant,name,address,report) VALUES ('T-674','2020-11-08 15:20:29.000','Kelly Clarkson','N4 3, Bloco 15, 9666-911, Ribeira Grande, Guarda','The Superviser should check if the incident is solved');
INSERT INTO analyses (id,instant,name,address,report) VALUES ('T-674','2020-10-05 13:32:46.000','Lionel Richie','N359 6, Lote 40, 1564-648, Mêda, Aveiro','The problem is not solved yet');
INSERT INTO analyses (id,instant,name,address,report) VALUES ('T-706','2020-11-08 15:31:59.000','Angelina Jolie','N206 5745, Casa 6, 2506-490, Setúbal, Viana do Castelo','The problem is not solved yet');
INSERT INTO analyses (id,instant,name,address,report) VALUES ('T-715','2020-11-06 07:22:35.000','Lionel Richie','N6 56, Lote 66, 2357-907, Guarda, Faro','The problem has not solution');
INSERT INTO analyses (id,instant,name,address,report) VALUES ('T-715','2020-11-04 22:21:49.000','Duarte Oliveira','N801 8, Lote 95, 6857-903, Quarteira, Beja','The problem has not solution');

INSERT INTO analyses (id,instant,name,address,report) VALUES ('T-961','2020-10-21 09:56:36.000','Elvia Bowen','N55 67, Lote 04, 5450-652, Vila Franca de Xira, Guarda','The problem is not solved yet');
INSERT INTO analyses (id,instant,name,address,report) VALUES ('T-739','2020-10-23 03:24:27.000','Donovan Holland','N691 899, Casa 7, 5110-104, Póvoa de Varzim, Vila Real','The Superviser should check if the incident is solved');
INSERT INTO analyses (id,instant,name,address,report) VALUES ('T-766','2020-11-06 07:30:46.000','Angelina Jolie','N88 5560, Bloco 60, 9403-999, Braga, Leiria','The Superviser should check if the incident is solved');
INSERT INTO analyses (id,instant,name,address,report) VALUES ('T-783','2020-10-11 18:02:12.000','Joao Cardoso','N039 01, Casa 8, 5902-878, Penafiel, Setúbal','The problem is not solved yet');
INSERT INTO analyses (id,instant,name,address,report) VALUES ('T-866','2020-10-25 02:16:16.000','Duarte Oliveira','N9 0, Apto. 257, 1728-205, Rebordosa, Vila Real','The problem is not solved yet');
INSERT INTO analyses (id,instant,name,address,report) VALUES ('T-866','2020-11-06 07:58:37.000','Teddy Casey','N664-7 77, Casa 6, 5936-213, Porto, Vila Real','The problem is not solved yet');
INSERT INTO analyses (id,instant,name,address,report) VALUES ('T-866','2020-11-09 11:33:22.000','Duarte Oliveira','N801 8, Lote 95, 6857-903, Quarteira, Beja','The Superviser should check if the incident is solved');
INSERT INTO analyses (id,instant,name,address,report) VALUES ('T-885','2020-10-09 02:41:27.000','Pedro Antunes','N78 94, Casa 1, 4900-484, Sacavém, Bragança','The problem is solved');
INSERT INTO analyses (id,instant,name,address,report) VALUES ('T-885','2020-10-27 23:15:15.000','Jacob Pierre','N606-0 1, Bloco 62, 2033-575, Torres Vedras, Castelo Branco','The problem is solved');
INSERT INTO analyses (id,instant,name,address,report) VALUES ('T-885','2020-10-29 11:34:44.000','Kelly Clarkson','N4 3, Bloco 15, 9666-911, Ribeira Grande, Guarda','The problem is solved');
INSERT INTO analyses (id,instant,name,address,report) VALUES ('T-885','2020-10-16 19:07:53.000','Oscar Wilde','N35 314, Casa 9, 1098-769, Loulé, Castelo Branco','The problem has not solution');
INSERT INTO analyses (id,instant,name,address,report) VALUES ('T-900','2020-11-10 13:57:19.000','Teddy Casey','N664-7 77, Casa 6, 5936-213, Porto, Vila Real','The problem has not solution');
INSERT INTO analyses (id,instant,name,address,report) VALUES ('T-900','2020-10-21 09:56:36.000','Donovan Holland','Bairro Eduarda Leal 6961, Casa 4, 2553-254, Santiago do Cacém, Leiria','The problem is solved');
INSERT INTO analyses (id,instant,name,address,report) VALUES ('T-900','2020-10-25 02:16:16.000','Teddy Casey','N664-7 77, Casa 6, 5936-213, Porto, Vila Real','The problem has not solution');
INSERT INTO analyses (id,instant,name,address,report) VALUES ('T-959','2020-10-15 13:10:48.000','Jacob Pierre','N606-0 1, Bloco 62, 2033-575, Torres Vedras, Castelo Branco','The problem is not solved yet');
INSERT INTO analyses (id,instant,name,address,report) VALUES ('T-959','2020-11-02 13:55:57.000','Joao Cardoso','N8 1093, Casa 5, 7891-388, Póvoa de Santa Iria, Vila Real','The problem has not solution');
INSERT INTO analyses (id,instant,name,address,report) VALUES ('T-961','2020-11-08 15:31:59.000','Elvia Bowen','N801 8, Lote 95, 6857-903, Quarteira, Beja','The problem is solved');
INSERT INTO analyses (id,instant,name,address,report) VALUES ('T-961','2020-10-28 15:31:59.000','Matilde Moreira','N40 22, Apto. 468, 6668-546, Ribeira Grande, Vila Real','The problem is solved');
INSERT INTO analyses (id,instant,name,address,report) VALUES ('T-963','2020-10-27 03:25:49.000','Donovan Holland','Escadas Edgar Araújo 3, Lote 09, 8121-887, Mealhada, Coimbra','The problem is not solved yet');
INSERT INTO analyses (id,instant,name,address,report) VALUES ('T-963','2020-10-06 14:33:48.000','Angelina Jolie','N88 5560, Bloco 60, 9403-999, Braga, Leiria','The problem has not solution');
INSERT INTO analyses (id,instant,name,address,report) VALUES ('T-963','2020-10-02 10:36:21.000','Elvia Bowen','N4 3, Bloco 15, 9666-911, Ribeira Grande, Guarda','The Superviser should check if the incident is solved');
INSERT INTO analyses (id,instant,name,address,report) VALUES ('T-966','2020-10-02 10:36:21.000','Duarte Oliveira','Largo Daniel Vaz 481, Casa 8, 1148-397, Portimão, Leiria','The problem is not solved yet');
INSERT INTO analyses (id,instant,name,address,report) VALUES ('T-966','2020-10-01 20:22:01.000','Pedro Antunes','N794-0 3030, Lote 09, 3189-309, Vila do Conde, Leiria','The problem has not solution');
INSERT INTO analyses (id,instant,name,address,report) VALUES ('T-966','2020-10-22 18:33:37.000','Lionel Richie','N6 56, Lote 66, 2357-907, Guarda, Faro','The problem has not solution');
INSERT INTO analyses (id,instant,name,address,report) VALUES ('T-968','2020-10-09 13:32:37.000','Lorena Wolf','N077-6 087, Apto. 204, 0772-449, Santa Cruz, Porto','The problem has not solution');
INSERT INTO analyses (id,instant,name,address,report) VALUES ('T-969','2020-10-25 02:16:16.000','Lionel Richie','N8 660, Bloco 82, 3248-816, Freamunde, Braga','The problem is not solved yet');
INSERT INTO analyses (id,instant,name,address,report) VALUES ('T-969','2020-10-14 00:38:56.000','Lionel Richie','N359 6, Lote 40, 1564-648, Mêda, Aveiro','The problem is solved');
INSERT INTO analyses (id,instant,name,address,report) VALUES ('T-969','2020-10-07 09:02:55.000','Oscar Wilde','Travessa Núria Carneiro 7473, Bloco 75, 8682-518, Chaves, Guarda','The Superviser should check if the incident is solved');
INSERT INTO analyses (id,instant,name,address,report) VALUES ('T-969','2020-10-01 15:53:26.000','Joao Cardoso','Estrada Bruno Teixeira 6, Bloco 79, 2374-517, Barreiro, Portalegre','The problem is not solved yet');
INSERT INTO analyses (id,instant,name,address,report) VALUES ('T-971','2020-10-15 13:10:48.000','Donovan Holland','Praça Ígor Pinho 7, Lote 86, 3514-084, Montijo, Guarda','The Superviser should check if the incident is solved');
INSERT INTO analyses (id,instant,name,address,report) VALUES ('T-972','2020-10-14 04:03:49.000','Joao Cardoso','N88 5560, Bloco 60, 9403-999, Braga, Leiria','The problem is solved');
INSERT INTO analyses (id,instant,name,address,report) VALUES ('T-973','2020-10-19 05:49:39.000','Elvia Bowen','N88 5560, Bloco 60, 9403-999, Braga, Leiria','The problem is solved');
INSERT INTO analyses (id,instant,name,address,report) VALUES ('T-974','2020-10-21 18:55:39.000','Oscar Wilde','N066-3 06, Bloco 50, 4451-187, Seixal, Lisboa','The problem is solved');
INSERT INTO analyses (id,instant,name,address,report) VALUES ('T-974','2020-10-05 13:32:46.000','Pedro Antunes','N495 7, Lote 19, 3174-764, Viseu, Viseu','The problem is not solved yet');
INSERT INTO analyses (id,instant,name,address,report) VALUES ('T-975','2020-11-01 02:03:27.000','Matilde Moreira','N40 22, Apto. 468, 6668-546, Ribeira Grande, Vila Real','The Superviser should check if the incident is solved');
INSERT INTO analyses (id,instant,name,address,report) VALUES ('T-976','2020-10-08 12:23:28.000','Elvia Bowen','N31 31, Apto. 831, 9718-873, Águeda, Viana do Castelo','The problem has not solution');
INSERT INTO analyses (id,instant,name,address,report) VALUES ('T-977','2020-11-11 16:19:46.000','Oscar Wilde','N771-9 830, Casa 0, 4432-693, Odivelas, Porto','The Superviser should check if the incident is solved');
INSERT INTO analyses (id,instant,name,address,report) VALUES ('T-977','2020-11-07 16:53:47.000','Donovan Holland','Bairro Eduarda Leal 6961, Casa 4, 2553-254, Santiago do Cacém, Leiria','The problem is not solved yet');
INSERT INTO analyses (id,instant,name,address,report) VALUES ('T-977','2020-10-29 16:22:37.000','Angelina Jolie','N88 5560, Bloco 60, 9403-999, Braga, Leiria','The problem is not solved yet');
INSERT INTO analyses (id,instant,name,address,report) VALUES ('T-977','2020-10-09 13:32:37.000','Angelina Jolie','N90 390, Casa 4, 2188-964, Águeda, Lisboa','The problem is solved');
INSERT INTO analyses (id,instant,name,address,report) VALUES ('T-978','2020-11-06 07:22:35.000','Jacob Pierre','N606-0 1, Bloco 62, 2033-575, Torres Vedras, Castelo Branco','The Superviser should check if the incident is solved');